20170608T121355407419, 101, 3600.000000, 1, mFSTSP IP, 1, -1, True, True, 1, -1, main.py 20170608T121355407419 101 3600 1 1 -1 1 1 1 -1,8, 2026-04-22 00:20:12, 3408.714787, 3408.714787, 5.284269, True, 2, 6, 183.711215, 3015.062680 
20170608T121355407419, 102, 3600.000000, 1, mFSTSP IP, 1, -1, True, True, 1, -1, main.py 20170608T121355407419 102 3600 1 1 -1 1 1 1 -1,8, 2026-04-22 00:20:20, 2831.597835, 2831.597835, 7.842039, True, 4, 4, 397.623895, 583.847697 
20170608T121355407419, 103, 3600.000000, 1, mFSTSP IP, 1, -1, True, True, 1, -1, main.py 20170608T121355407419 103 3600 1 1 -1 1 1 1 -1,8, 2026-04-22 00:20:36, 3477.590802, 3477.590802, 7.276470, True, 2, 6, 150.000000, 157.086969 
20170608T121355407419, 104, 3600.000000, 1, mFSTSP IP, 1, -1, True, True, 1, -1, main.py 20170608T121355407419 104 3600 1 1 -1 1 1 1 -1,8, 2026-04-22 00:20:49, 3132.857732, 3132.857732, 19.293255, True, 2, 6, 150.000000, 243.363138 
20170608T121411132375, 101, 3600.000000, 1, mFSTSP IP, 1, -1, True, True, 1, -1, main.py 20170608T121411132375 101 3600 1 1 -1 1 1 1 -1,8, 2026-04-22 00:21:18, 3916.983399, 3916.983399, 3.994853, True, 3, 5, 364.956269, 265.666217 
20170608T121411132375, 102, 3600.000000, 1, mFSTSP IP, 1, -1, True, True, 1, -1, main.py 20170608T121411132375 102 3600 1 1 -1 1 1 1 -1,8, 2026-04-22 00:21:25, 3038.421740, 3038.421740, 7.766637, True, 4, 4, 432.543661, 473.928548 
20170608T121411132375, 103, 3600.000000, 1, mFSTSP IP, 1, -1, True, True, 1, -1, main.py 20170608T121411132375 103 3600 1 1 -1 1 1 1 -1,8, 2026-04-22 00:21:41, 3789.376699, 3789.376699, 5.723472, True, 4, 4, 342.942794, 558.051805 
20170608T121411132375, 104, 3600.000000, 1, mFSTSP IP, 1, -1, True, True, 1, -1, main.py 20170608T121411132375 104 3600 1 1 -1 1 1 1 -1,8, 2026-04-22 00:21:52, 3497.819419, 3497.819419, 16.874755, True, 2, 6, 248.065262, 109.735877 
20170608T131251001523, 101, 3600.000000, 1, mFSTSP IP, 1, -1, True, True, 1, -1, main.py 20170608T131251001523 101 3600 1 1 -1 1 1 1 -1,8, 2026-04-22 00:22:18, 5604.002792, 5604.002792, 2.165543, True, 1, 7, 89.999999, 1102.777049 
20170608T131251001523, 102, 3600.000000, 1, mFSTSP IP, 1, -1, True, True, 1, -1, main.py 20170608T131251001523 102 3600 1 1 -1 1 1 1 -1,8, 2026-04-22 00:22:23, 5101.911379, 5101.911379, 12.696410, True, 4, 4, 329.999999, 4952.449614 
20170608T131251001523, 103, 3600.000000, 1, mFSTSP IP, 1, -1, True, True, 1, -1, main.py 20170608T131251001523 103 3600 1 1 -1 1 1 1 -1,8, 2026-04-22 00:22:41, 5557.535099, 5557.535099, 5.213270, True, 2, 6, 180.000000, 243.773709 
20170608T131251001523, 104, 3600.000000, 1, mFSTSP IP, 1, -1, True, True, 1, -1, main.py 20170608T131251001523 104 3600 1 1 -1 1 1 1 -1,8, 2026-04-22 00:22:50, 4500.830395, 4500.830395, 13.497088, True, 3, 5, 240.000000, 147.631120 
20170608T121426910678, 101, 3600.000000, 1, mFSTSP IP, 1, -1, True, True, 1, -1, main.py 20170608T121426910678 101 3600 1 1 -1 1 1 1 -1,8, 2026-04-22 00:23:11, 3192.120149, 3192.120149, 3.106459, True, 4, 4, 515.229072, 614.858391 
20170608T121426910678, 102, 3600.000000, 1, mFSTSP IP, 1, -1, True, True, 1, -1, main.py 20170608T121426910678 102 3600 1 1 -1 1 1 1 -1,8, 2026-04-22 00:23:18, 2893.884506, 2893.884506, 7.485947, True, 4, 4, 329.999999, 748.359055 
20170608T121426910678, 103, 3600.000000, 1, mFSTSP IP, 1, -1, True, True, 1, -1, main.py 20170608T121426910678 103 3600 1 1 -1 1 1 1 -1,8, 2026-04-22 00:23:34, 3412.100165, 3412.100165, 4.778677, True, 3, 5, 285.306806, 722.235200 
20170608T121426910678, 104, 3600.000000, 1, mFSTSP IP, 1, -1, True, True, 1, -1, main.py 20170608T121426910678 104 3600 1 1 -1 1 1 1 -1,8, 2026-04-22 00:23:45, 3105.762879, 3105.762879, 8.554182, True, 3, 5, 319.539274, -0.000000 
20170608T121442695307, 101, 3600.000000, 1, mFSTSP IP, 1, -1, True, True, 1, -1, main.py 20170608T121442695307 101 3600 1 1 -1 1 1 1 -1,8, 2026-04-22 00:24:03, 3127.968870, 3127.968870, 3.803352, True, 2, 6, 179.999999, 1466.433181 
20170608T121442695307, 102, 3600.000000, 1, mFSTSP IP, 1, -1, True, True, 1, -1, main.py 20170608T121442695307 102 3600 1 1 -1 1 1 1 -1,8, 2026-04-22 00:24:10, 2428.752321, 2428.752321, 12.719270, True, 4, 4, 348.558848, 239.872829 
20170608T121442695307, 103, 3600.000000, 1, mFSTSP IP, 1, -1, True, True, 1, -1, main.py 20170608T121442695307 103 3600 1 1 -1 1 1 1 -1,8, 2026-04-22 00:24:33, 2847.013565, 2847.013565, 13.965669, True, 3, 5, 316.314530, 28.221358 
20170608T121458174165, 101, 3600.000000, 1, mFSTSP IP, 1, -1, True, True, 1, -1, main.py 20170608T121458174165 101 3600 1 1 -1 1 1 1 -1,8, 2026-04-22 00:25:04, 5527.234128, 5527.234128, 3.060239, True, 0, 8, -0.000001, 0.000000 
20170608T121458174165, 102, 3600.000000, 1, mFSTSP IP, 1, -1, True, True, 1, -1, main.py 20170608T121458174165 102 3600 1 1 -1 1 1 1 -1,8, 2026-04-22 00:25:10, 4351.936408, 4351.936408, 5.717026, True, 3, 5, 736.868603, 5710.822928 
20170608T121458174165, 103, 3600.000000, 1, mFSTSP IP, 1, -1, True, True, 1, -1, main.py 20170608T121458174165 103 3600 1 1 -1 1 1 1 -1,8, 2026-04-22 00:25:21, 5133.030665, 5133.030665, 3.577168, True, 2, 6, 179.999999, 3547.658977 
20170608T121458174165, 104, 3600.000000, 1, mFSTSP IP, 1, -1, True, True, 1, -1, main.py 20170608T121458174165 104 3600 1 1 -1 1 1 1 -1,8, 2026-04-22 00:25:29, 4231.029473, 4231.029473, 19.246640, True, 2, 6, 157.383054, 573.235837 
20170608T121529379067, 101, 3600.000000, 1, mFSTSP IP, 1, -1, True, True, 1, -1, main.py 20170608T121529379067 101 3600 1 1 -1 1 1 1 -1,8, 2026-04-22 00:25:56, 4342.372647, 4342.372647, 7.643731, True, 0, 8, -0.000000, 0.000000 
20170608T121529379067, 102, 3600.000000, 1, mFSTSP IP, 1, -1, True, True, 1, -1, main.py 20170608T121529379067 102 3600 1 1 -1 1 1 1 -1,8, 2026-04-22 00:26:08, 3602.899092, 3602.899092, 14.305386, True, 3, 5, 240.000000, 1715.796654 
20170608T121529379067, 103, 3600.000000, 1, mFSTSP IP, 1, -1, True, True, 1, -1, main.py 20170608T121529379067 103 3600 1 1 -1 1 1 1 -1,8, 2026-04-22 00:26:30, 4003.399612, 4003.399612, 13.030207, True, 1, 7, 90.000000, 1998.383590 
20170608T121529379067, 104, 3600.000000, 1, mFSTSP IP, 1, -1, True, True, 1, -1, main.py 20170608T121529379067 104 3600 1 1 -1 1 1 1 -1,8, 2026-04-22 00:26:48, 3617.483771, 3617.483771, 17.582190, True, 2, 6, 150.000000, 37.897417 
20170608T121545140439, 101, 3600.000000, 1, mFSTSP IP, 1, -1, True, True, 1, -1, main.py 20170608T121545140439 101 3600 1 1 -1 1 1 1 -1,8, 2026-04-22 00:27:14, 4985.762934, 4985.762934, 1.914419, True, 2, 6, 250.349327, 5855.912671 
20170608T121545140439, 102, 3600.000000, 1, mFSTSP IP, 1, -1, True, True, 1, -1, main.py 20170608T121545140439 102 3600 1 1 -1 1 1 1 -1,8, 2026-04-22 00:27:18, 3862.248636, 3862.248636, 3.907670, True, 3, 5, 240.891379, 2116.181844 
20170608T121545140439, 103, 3600.000000, 1, mFSTSP IP, 1, -1, True, True, 1, -1, main.py 20170608T121545140439 103 3600 1 1 -1 1 1 1 -1,8, 2026-04-22 00:27:28, 4803.278891, 4803.278891, 3.965956, True, 3, 5, 274.948688, 106.029681 
20170608T121545140439, 104, 3600.000000, 1, mFSTSP IP, 1, -1, True, True, 1, -1, main.py 20170608T121545140439 104 3600 1 1 -1 1 1 1 -1,8, 2026-04-22 00:27:36, 3882.083533, 3882.083533, 9.924231, True, 3, 5, 274.948688, 301.520885 
20170608T121601152699, 101, 3600.000000, 1, mFSTSP IP, 1, -1, True, True, 1, -1, main.py 20170608T121601152699 101 3600 1 1 -1 1 1 1 -1,8, 2026-04-22 00:27:55, 3835.539424, 3835.539424, 3.494424, True, 3, 5, 269.999998, 388.499145 
20170608T121601152699, 102, 3600.000000, 1, mFSTSP IP, 1, -1, True, True, 1, -1, main.py 20170608T121601152699 102 3600 1 1 -1 1 1 1 -1,8, 2026-04-22 00:28:02, 3367.351151, 3367.351151, 12.844028, True, 4, 4, 366.490037, 588.659210 
20170608T121601152699, 103, 3600.000000, 1, mFSTSP IP, 1, -1, True, True, 1, -1, main.py 20170608T121601152699 103 3600 1 1 -1 1 1 1 -1,8, 2026-04-22 00:28:22, 3791.761675, 3791.761675, 5.075713, True, 4, 4, 330.000000, 332.757335 
20170608T121601152699, 104, 3600.000000, 1, mFSTSP IP, 1, -1, True, True, 1, -1, main.py 20170608T121601152699 104 3600 1 1 -1 1 1 1 -1,8, 2026-04-22 00:28:32, 3451.803476, 3451.803476, 17.397892, True, 3, 5, 244.839858, 48.578869 
20170608T121616676866, 101, 3600.000000, 1, mFSTSP IP, 1, -1, True, True, 1, -1, main.py 20170608T121616676866 101 3600 1 1 -1 1 1 1 -1,8, 2026-04-22 00:28:58, 4458.085884, 4458.085884, 2.971358, True, 2, 6, 314.747117, 2258.691505 
20170608T121616676866, 102, 3600.000000, 1, mFSTSP IP, 1, -1, True, True, 1, -1, main.py 20170608T121616676866 102 3600 1 1 -1 1 1 1 -1,8, 2026-04-22 00:29:03, 3571.999483, 3571.999483, 7.589241, True, 4, 4, 330.000000, 1001.666976 
20170608T121616676866, 103, 3600.000000, 1, mFSTSP IP, 1, -1, True, True, 1, -1, main.py 20170608T121616676866 103 3600 1 1 -1 1 1 1 -1,8, 2026-04-22 00:29:18, 4339.005941, 4339.005941, 8.700277, True, 2, 6, 603.796114, 2681.920987 
20170608T121616676866, 104, 3600.000000, 1, mFSTSP IP, 1, -1, True, True, 1, -1, main.py 20170608T121616676866 104 3600 1 1 -1 1 1 1 -1,8, 2026-04-22 00:29:31, 3878.505552, 3878.505552, 19.526459, True, 3, 5, 284.150369, 74.094793 
20170608T121944818056, 101, 3600.000000, 1, mFSTSP IP, 1, -1, True, True, 1, -1, main.py 20170608T121944818056 101 3600 1 1 -1 1 1 1 -1,8, 2026-04-22 00:30:00, 1048.716531, 1048.716531, 26.282647, True, 3, 5, 240.000000, 448.436747 
20170608T121944818056, 102, 3600.000000, 1, mFSTSP IP, 1, -1, True, True, 1, -1, main.py 20170608T121944818056 102 3600 1 1 -1 1 1 1 -1,8, 2026-04-22 00:30:36, 1048.716531, 1048.716531, 26.122597, True, 3, 5, 240.000000, 139.546267 
20170608T121944818056, 103, 3600.000000, 1, mFSTSP IP, 1, -1, True, True, 1, -1, main.py 20170608T121944818056 103 3600 1 1 -1 1 1 1 -1,8, 2026-04-22 00:31:12, 1091.240575, 1091.240575, 37.394845, True, 2, 6, 150.000000, 237.765226 
20170608T121944818056, 104, 3600.000000, 1, mFSTSP IP, 1, -1, True, True, 1, -1, main.py 20170608T121944818056 104 3600 1 1 -1 1 1 1 -1,8, 2026-04-22 00:31:59, 1091.240575, 1091.240575, 36.505385, True, 2, 6, 150.000000, 234.120737 
20170608T121956644648, 101, 3600.000000, 1, mFSTSP IP, 1, -1, True, True, 1, -1, main.py 20170608T121956644648 101 3600 1 1 -1 1 1 1 -1,8, 2026-04-22 00:33:28, 1131.932350, 1131.932350, 24.235534, True, 3, 5, 240.000000, 781.991311 
20170608T121956644648, 102, 3600.000000, 1, mFSTSP IP, 1, -1, True, True, 1, -1, main.py 20170608T121956644648 102 3600 1 1 -1 1 1 1 -1,8, 2026-04-22 00:34:02, 1131.932350, 1131.932350, 17.759203, True, 3, 5, 240.000000, 781.991311 
20170608T121956644648, 103, 3600.000000, 1, mFSTSP IP, 1, -1, True, True, 1, -1, main.py 20170608T121956644648 103 3600 1 1 -1 1 1 1 -1,8, 2026-04-22 00:34:30, 1191.913051, 1191.913051, 20.045856, True, 2, 6, 176.266625, 58.419766 
20170608T121956644648, 104, 3600.000000, 1, mFSTSP IP, 1, -1, True, True, 1, -1, main.py 20170608T121956644648 104 3600 1 1 -1 1 1 1 -1,8, 2026-04-22 00:35:00, 1191.913051, 1191.913051, 20.694296, True, 2, 6, 176.266625, 58.419766 
20170608T122000657532, 101, 3600.000000, 1, mFSTSP IP, 1, -1, True, True, 1, -1, main.py 20170608T122000657532 101 3600 1 1 -1 1 1 1 -1,8, 2026-04-22 00:35:30, 1164.721904, 1164.721904, 20.909341, True, 3, 5, 239.999988, 51.947630 
20170608T122000657532, 102, 3600.000000, 1, mFSTSP IP, 1, -1, True, True, 1, -1, main.py 20170608T122000657532 102 3600 1 1 -1 1 1 1 -1,8, 2026-04-22 00:36:01, 1165.333854, 649.897170, 8.886623, True, 3, 5, 240.000000, 147.366814 
20170606T113038113409, 101, 5.000000, 2, mFSTSP Heuristic, 1, -1, True, True, 1, 1, main.py 20170606T113038113409 101 5 2 1 -1 1 1 1 1,25, 2026-04-22 00:40:29, 8799.860981, -1.000000, 0.604071, False, 9, 16, 972.242729, 1789.909285 
20170606T113251786976, 101, 5.000000, 2, mFSTSP Heuristic, 1, -1, True, True, 1, 1, main.py 20170606T113251786976 101 5 2 1 -1 1 1 1 1,25, 2026-04-22 00:40:30, 10334.219806, -1.000000, 0.294726, False, 7, 18, 868.169729, 888.699649 
20170606T113339368121, 101, 5.000000, 2, mFSTSP Heuristic, 1, -1, True, True, 1, 1, main.py 20170606T113339368121 101 5 2 1 -1 1 1 1 1,25, 2026-04-22 00:40:31, 8589.442479, -1.000000, 0.919867, False, 8, 17, 748.784821, 718.849888 
20170606T113427164164, 101, 5.000000, 2, mFSTSP Heuristic, 1, -1, True, True, 1, 1, main.py 20170606T113427164164 101 5 2 1 -1 1 1 1 1,25, 2026-04-22 00:40:33, 9064.033384, -1.000000, 0.390246, False, 8, 17, 946.633749, 936.188933 
20170606T113515209066, 101, 5.000000, 2, mFSTSP Heuristic, 1, -1, True, True, 1, 1, main.py 20170606T113515209066 101 5 2 1 -1 1 1 1 1,25, 2026-04-22 00:40:33, 9177.069972, -1.000000, 0.329515, False, 7, 18, 713.744996, 650.259374 
20170606T113603010160, 101, 5.000000, 2, mFSTSP Heuristic, 1, -1, True, True, 1, 1, main.py 20170606T113603010160 101 5 2 1 -1 1 1 1 1,25, 2026-04-22 00:40:34, 10584.619301, -1.000000, 0.363263, False, 7, 18, 696.506678, 929.013208 
20170606T113651352937, 101, 5.000000, 2, mFSTSP Heuristic, 1, -1, True, True, 1, 1, main.py 20170606T113651352937 101 5 2 1 -1 1 1 1 1,25, 2026-04-22 00:40:35, 9202.276796, -1.000000, 0.359375, False, 7, 18, 646.124160, 1160.106542 
20170606T123216270309, 101, 5.000000, 2, mFSTSP Heuristic, 1, -1, True, True, 1, 1, main.py 20170606T123216270309 101 5 2 1 -1 1 1 1 1,25, 2026-04-22 00:42:21, 5844.214212, -1.000000, 0.671845, False, 9, 16, 904.909036, 1061.141120 
20170606T123231190878, 101, 5.000000, 2, mFSTSP Heuristic, 1, -1, True, True, 1, 1, main.py 20170606T123231190878 101 5 2 1 -1 1 1 1 1,25, 2026-04-22 00:42:22, 5596.966889, -1.000000, 0.657030, False, 8, 17, 717.580935, 1330.714397 
20170606T123246328134, 101, 5.000000, 2, mFSTSP Heuristic, 1, -1, True, True, 1, 1, main.py 20170606T123246328134 101 5 2 1 -1 1 1 1 1,25, 2026-04-22 00:42:23, 6685.440524, -1.000000, 0.328914, False, 9, 16, 1038.856406, 1356.689491 
20170606T123301396863, 101, 5.000000, 2, mFSTSP Heuristic, 1, -1, True, True, 1, 1, main.py 20170606T123301396863 101 5 2 1 -1 1 1 1 1,25, 2026-04-22 00:42:24, 5495.391469, -1.000000, 0.461101, False, 12, 13, 1159.579742, 1008.283623 
20170606T123316638608, 101, 5.000000, 2, mFSTSP Heuristic, 1, -1, True, True, 1, 1, main.py 20170606T123316638608 101 5 2 1 -1 1 1 1 1,25, 2026-04-22 00:42:25, 6127.388262, -1.000000, 0.613337, False, 10, 15, 914.234265, 1519.242356 
20170606T123331779163, 101, 5.000000, 2, mFSTSP Heuristic, 1, -1, True, True, 1, 1, main.py 20170606T123331779163 101 5 2 1 -1 1 1 1 1,25, 2026-04-22 00:42:26, 6846.591989, -1.000000, 0.440430, False, 10, 15, 936.670767, 1465.005272 
20170606T123346836976, 101, 5.000000, 2, mFSTSP Heuristic, 1, -1, True, True, 1, 1, main.py 20170606T123346836976 101 5 2 1 -1 1 1 1 1,25, 2026-04-22 00:42:27, 6149.539715, -1.000000, 0.744443, False, 8, 17, 828.394731, 752.209495 
20170606T123411109972, 101, 5.000000, 2, mFSTSP Heuristic, 1, -1, True, True, 1, 1, main.py 20170606T123411109972 101 5 2 1 -1 1 1 1 1,25, 2026-04-22 00:42:28, 5824.426913, -1.000000, 0.707508, False, 9, 16, 1036.800291, 738.089891 
20170606T123426160449, 101, 5.000000, 2, mFSTSP Heuristic, 1, -1, True, True, 1, 1, main.py 20170606T123426160449 101 5 2 1 -1 1 1 1 1,25, 2026-04-22 00:42:29, 6240.384532, -1.000000, 0.563718, False, 9, 16, 933.500155, 1353.523653 
20170606T113038113409, 101, 5.000000, 2, mFSTSP Heuristic, 1, -1, True, True, 1, 1, main.py 20170606T113038113409 101 5 2 1 -1 1 1 1 1,25, 2026-04-22 00:46:04, 8799.860981, -1.000000, 0.617895, False, 9, 16, 972.242729, 1789.909285 
20170606T113251786976, 101, 5.000000, 2, mFSTSP Heuristic, 1, -1, True, True, 1, 1, main.py 20170606T113251786976 101 5 2 1 -1 1 1 1 1,25, 2026-04-22 00:46:05, 10334.219806, -1.000000, 0.291600, False, 7, 18, 868.169729, 888.699649 
20170606T113339368121, 101, 5.000000, 2, mFSTSP Heuristic, 1, -1, True, True, 1, 1, main.py 20170606T113339368121 101 5 2 1 -1 1 1 1 1,25, 2026-04-22 00:46:05, 8589.442479, -1.000000, 0.944477, False, 8, 17, 748.784821, 718.849888 
20170606T113427164164, 101, 5.000000, 2, mFSTSP Heuristic, 1, -1, True, True, 1, 1, main.py 20170606T113427164164 101 5 2 1 -1 1 1 1 1,25, 2026-04-22 00:46:07, 9064.033384, -1.000000, 0.381519, False, 8, 17, 946.633749, 936.188933 
20170606T113515209066, 101, 5.000000, 2, mFSTSP Heuristic, 1, -1, True, True, 1, 1, main.py 20170606T113515209066 101 5 2 1 -1 1 1 1 1,25, 2026-04-22 00:46:08, 9177.069972, -1.000000, 0.325333, False, 7, 18, 713.744996, 650.259374 
20170606T113603010160, 101, 5.000000, 2, mFSTSP Heuristic, 1, -1, True, True, 1, 1, main.py 20170606T113603010160 101 5 2 1 -1 1 1 1 1,25, 2026-04-22 00:46:08, 10584.619301, -1.000000, 0.339124, False, 7, 18, 696.506678, 929.013208 
20170606T113651352937, 101, 5.000000, 2, mFSTSP Heuristic, 1, -1, True, True, 1, 1, main.py 20170606T113651352937 101 5 2 1 -1 1 1 1 1,25, 2026-04-22 00:46:09, 9202.276796, -1.000000, 0.360143, False, 7, 18, 646.124160, 1160.106542 
20170608T121355407419, 101, 3600.000000, 1, mFSTSP IP, 1, -1, True, True, 1, -1, main.py 20170608T121355407419 101 3600 1 1 -1 1 1 1 -1,8, 2026-04-22 01:31:53, 3408.714787, 3408.714787, 5.512215, True, 2, 6, 183.711215, 3015.062680 
20170608T121355407419, 101, 5.000000, 2, mFSTSP Heuristic, 1, -1, True, True, 1, 1, main.py 20170608T121355407419 101 5 2 1 -1 1 1 1 1,8, 2026-04-22 01:31:59, 3425.656000, -1.000000, 0.021426, False, 2, 6, 180.000000, 171.518051 
20170608T121411132375, 101, 3600.000000, 1, mFSTSP IP, 1, -1, True, True, 1, -1, main.py 20170608T121411132375 101 3600 1 1 -1 1 1 1 -1,8, 2026-04-22 01:31:59, 3916.983399, 3916.983399, 6.670410, True, 3, 5, 364.956269, 265.666217 
20170608T121411132375, 101, 5.000000, 2, mFSTSP Heuristic, 1, -1, True, True, 1, 1, main.py 20170608T121411132375 101 5 2 1 -1 1 1 1 1,8, 2026-04-22 01:32:06, 4024.257751, -1.000000, 0.024813, False, 2, 6, 304.956270, 392.170368 
20170608T121426910678, 101, 3600.000000, 1, mFSTSP IP, 1, -1, True, True, 1, -1, main.py 20170608T121426910678 101 3600 1 1 -1 1 1 1 -1,8, 2026-04-22 01:32:07, 3192.120149, 3192.120149, 4.863844, True, 4, 4, 515.229072, 614.858391 
20170608T121426910678, 101, 5.000000, 2, mFSTSP Heuristic, 1, -1, True, True, 1, 1, main.py 20170608T121426910678 101 5 2 1 -1 1 1 1 1,8, 2026-04-22 01:32:12, 3222.120149, -1.000000, 0.032967, False, 4, 4, 330.000000, 794.858391 
20170608T121442695307, 101, 3600.000000, 1, mFSTSP IP, 1, -1, True, True, 1, -1, main.py 20170608T121442695307 101 3600 1 1 -1 1 1 1 -1,8, 2026-04-22 01:32:13, 3127.968870, 3127.968870, 5.986782, True, 2, 6, 179.999999, 1466.433181 
20170608T121442695307, 101, 5.000000, 2, mFSTSP Heuristic, 1, -1, True, True, 1, 1, main.py 20170608T121442695307 101 5 2 1 -1 1 1 1 1,8, 2026-04-22 01:32:19, 3168.293122, -1.000000, 0.018718, False, 1, 7, 60.000000, 139.494396 
20170608T121458174165, 101, 3600.000000, 1, mFSTSP IP, 1, -1, True, True, 1, -1, main.py 20170608T121458174165 101 3600 1 1 -1 1 1 1 -1,8, 2026-04-22 01:32:19, 5527.234128, 5527.234128, 3.493361, True, 0, 8, -0.000001, 0.000000 
20170608T121458174165, 101, 5.000000, 2, mFSTSP Heuristic, 1, -1, True, True, 1, 1, main.py 20170608T121458174165 101 5 2 1 -1 1 1 1 1,8, 2026-04-22 01:32:23, 5527.234129, -1.000000, 0.009004, False, 0, 8, -0.000000, 0.000000 
20170608T121529379067, 101, 3600.000000, 1, mFSTSP IP, 1, -1, True, True, 1, -1, main.py 20170608T121529379067 101 3600 1 1 -1 1 1 1 -1,8, 2026-04-22 01:32:24, 4342.372647, 4342.372647, 10.155584, True, 0, 8, -0.000000, 0.000000 
20170608T121529379067, 101, 5.000000, 2, mFSTSP Heuristic, 1, -1, True, True, 1, 1, main.py 20170608T121529379067 101 5 2 1 -1 1 1 1 1,8, 2026-04-22 01:32:34, 4342.372647, -1.000000, 0.017288, False, 0, 8, -0.000000, 0.000000 
20170608T121545140439, 101, 3600.000000, 1, mFSTSP IP, 1, -1, True, True, 1, -1, main.py 20170608T121545140439 101 3600 1 1 -1 1 1 1 -1,8, 2026-04-22 01:32:35, 4985.762934, 4985.762934, 2.938854, True, 2, 6, 250.349327, 5855.912671 
20170608T121545140439, 101, 5.000000, 2, mFSTSP Heuristic, 1, -1, True, True, 1, 1, main.py 20170608T121545140439 101 5 2 1 -1 1 1 1 1,8, 2026-04-22 01:32:38, 4985.762935, -1.000000, 0.017640, False, 2, 6, 250.349328, 157.070505 
20170608T121601152699, 101, 3600.000000, 1, mFSTSP IP, 1, -1, True, True, 1, -1, main.py 20170608T121601152699 101 3600 1 1 -1 1 1 1 -1,8, 2026-04-22 01:32:39, 3835.539424, 3835.539424, 5.526743, True, 3, 5, 269.999998, 388.499145 
20170608T121601152699, 101, 5.000000, 2, mFSTSP Heuristic, 1, -1, True, True, 1, 1, main.py 20170608T121601152699 101 5 2 1 -1 1 1 1 1,8, 2026-04-22 01:32:45, 3835.539426, -1.000000, 0.018051, False, 3, 5, 270.000000, 448.499147 
20170608T121616676866, 101, 3600.000000, 1, mFSTSP IP, 1, -1, True, True, 1, -1, main.py 20170608T121616676866 101 3600 1 1 -1 1 1 1 -1,8, 2026-04-22 01:32:45, 4458.085884, 4458.085884, 4.540356, True, 2, 6, 314.747117, 2258.691505 
20170608T121616676866, 101, 5.000000, 2, mFSTSP Heuristic, 1, -1, True, True, 1, 1, main.py 20170608T121616676866 101 5 2 1 -1 1 1 1 1,8, 2026-04-22 01:32:50, 4578.093528, -1.000000, 0.026686, False, 2, 6, 350.090939, 113.349276 
20170608T121944818056, 101, 3600.000000, 1, mFSTSP IP, 1, -1, True, True, 1, -1, main.py 20170608T121944818056 101 3600 1 1 -1 1 1 1 -1,8, 2026-04-22 01:32:50, 1048.716531, 1048.716531, 32.681013, True, 3, 5, 240.000000, 448.436747 
20170608T121944818056, 101, 5.000000, 2, mFSTSP Heuristic, 1, -1, True, True, 1, 1, main.py 20170608T121944818056 101 5 2 1 -1 1 1 1 1,8, 2026-04-22 01:33:24, 1103.007537, -1.000000, 0.031834, False, 2, 6, 161.766962, 9.197644 
20170608T121949065533, 101, 5.000000, 2, mFSTSP Heuristic, 1, -1, True, True, 1, 1, main.py 20170608T121949065533 101 5 2 1 -1 1 1 1 1,8, 2026-04-22 01:33:25, 1020.797261, -1.000000, 0.053763, False, 2, 6, 180.000000, 194.538539 
20170608T121956644648, 101, 3600.000000, 1, mFSTSP IP, 1, -1, True, True, 1, -1, main.py 20170608T121956644648 101 3600 1 1 -1 1 1 1 -1,8, 2026-04-22 01:33:25, 1131.932350, 1131.932350, 27.262077, True, 3, 5, 240.000000, 781.991311 
20170608T121956644648, 101, 5.000000, 2, mFSTSP Heuristic, 1, -1, True, True, 1, 1, main.py 20170608T121956644648 101 5 2 1 -1 1 1 1 1,8, 2026-04-22 01:33:53, 1246.926336, -1.000000, 0.054257, False, 3, 5, 332.114895, 94.186695 
20170608T122000657532, 101, 3600.000000, 1, mFSTSP IP, 1, -1, True, True, 1, -1, main.py 20170608T122000657532 101 3600 1 1 -1 1 1 1 -1,8, 2026-04-22 01:33:54, 1164.721904, 1164.721904, 22.034877, True, 3, 5, 239.999988, 51.947630 
20170608T122000657532, 101, 5.000000, 2, mFSTSP Heuristic, 1, -1, True, True, 1, 1, main.py 20170608T122000657532 101 5 2 1 -1 1 1 1 1,8, 2026-04-22 01:34:16, 1171.684698, -1.000000, 0.041154, False, 3, 5, 240.000000, 105.425434 
20170608T122004631179, 101, 5.000000, 2, mFSTSP Heuristic, 1, -1, True, True, 1, 1, main.py 20170608T122004631179 101 5 2 1 -1 1 1 1 1,8, 2026-04-22 01:34:17, 1236.956101, -1.000000, 0.031125, False, 3, 5, 310.202111, 240.335159 
20170608T122008595748, 101, 3600.000000, 1, mFSTSP IP, 1, -1, True, True, 1, -1, main.py 20170608T122008595748 101 3600 1 1 -1 1 1 1 -1,8, 2026-04-22 01:34:18, 1431.804374, 1431.804374, 35.786499, True, 0, 8, 0.000000, 0.000000 
20170608T122008595748, 101, 5.000000, 2, mFSTSP Heuristic, 1, -1, True, True, 1, 1, main.py 20170608T122008595748 101 5 2 1 -1 1 1 1 1,8, 2026-04-22 01:34:54, 1431.804374, -1.000000, 0.017399, False, 0, 8, -0.000000, 0.000000 
20170608T122012790213, 101, 3600.000000, 1, mFSTSP IP, 1, -1, True, True, 1, -1, main.py 20170608T122012790213 101 3600 1 1 -1 1 1 1 -1,8, 2026-04-22 01:34:55, 1198.046574, 1198.046574, 21.565186, True, 2, 6, 150.000000, 535.662800 
20170608T122012790213, 101, 5.000000, 2, mFSTSP Heuristic, 1, -1, True, True, 1, 1, main.py 20170608T122012790213 101 5 2 1 -1 1 1 1 1,8, 2026-04-22 01:35:17, 1198.046574, -1.000000, 0.041765, False, 2, 6, 180.000000, 144.534340 
20170608T122016762729, 101, 3600.000000, 1, mFSTSP IP, 1, -1, True, True, 1, -1, main.py 20170608T122016762729 101 3600 1 1 -1 1 1 1 -1,8, 2026-04-22 01:35:17, 1389.862327, 1389.862327, 32.311288, True, 2, 6, 180.000000, 653.848540 
20170608T122016762729, 101, 5.000000, 2, mFSTSP Heuristic, 1, -1, True, True, 1, 1, main.py 20170608T122016762729 101 5 2 1 -1 1 1 1 1,8, 2026-04-22 01:35:50, 1389.862327, -1.000000, 0.017117, False, 2, 6, 150.000000, 135.108356 
20170608T122020812277, 101, 3600.000000, 1, mFSTSP IP, 1, -1, True, True, 1, -1, main.py 20170608T122020812277 101 3600 1 1 -1 1 1 1 -1,8, 2026-04-22 01:35:50, 1357.764025, 1357.764025, 21.196346, True, 4, 4, 330.000000, 158.862809 
20170608T122020812277, 101, 5.000000, 2, mFSTSP Heuristic, 1, -1, True, True, 1, 1, main.py 20170608T122020812277 101 5 2 1 -1 1 1 1 1,8, 2026-04-22 01:36:12, 1393.899990, -1.000000, 0.022789, False, 3, 5, 240.000000, 238.343448 
20170608T131251001523, 101, 3600.000000, 1, mFSTSP IP, 1, -1, True, True, 1, -1, main.py 20170608T131251001523 101 3600 1 1 -1 1 1 1 -1,8, 2026-04-22 01:36:12, 5604.002792, 5604.002792, 3.127598, True, 1, 7, 89.999999, 1102.777049 
20170608T131251001523, 101, 5.000000, 2, mFSTSP Heuristic, 1, -1, True, True, 1, 1, main.py 20170608T131251001523 101 5 2 1 -1 1 1 1 1,8, 2026-04-22 01:36:16, 5801.637348, -1.000000, 0.012059, False, 1, 7, 90.000000, 182.881151 
20170608T131306913055, 101, 5.000000, 2, mFSTSP Heuristic, 1, -1, True, True, 1, 1, main.py 20170608T131306913055 101 5 2 1 -1 1 1 1 1,8, 2026-04-22 01:36:17, 1131.420444, -1.000000, 0.042171, False, 3, 5, 240.000000, 118.474799 
20170608T121632668184, 101, 5.000000, 2, mFSTSP Heuristic, 1, -1, True, True, 1, 1, main.py 20170608T121632668184 101 5 2 1 -1 1 1 1 1,10, 2026-04-22 01:38:29, 5068.513081, -1.000000, 0.029108, False, 1, 9, 90.000000, 93.531243 
20170608T121651164057, 101, 5.000000, 2, mFSTSP Heuristic, 1, -1, True, True, 1, 1, main.py 20170608T121651164057 101 5 2 1 -1 1 1 1 1,10, 2026-04-22 01:38:30, 4154.849729, -1.000000, 0.041104, False, 3, 7, 358.196809, 471.531464 
20170608T121710107640, 101, 5.000000, 2, mFSTSP Heuristic, 1, -1, True, True, 1, 1, main.py 20170608T121710107640 101 5 2 1 -1 1 1 1 1,10, 2026-04-22 01:38:31, 4563.131492, -1.000000, 0.027379, False, 3, 7, 240.000000, 389.702005 
20170608T121728978505, 101, 5.000000, 2, mFSTSP Heuristic, 1, -1, True, True, 1, 1, main.py 20170608T121728978505 101 5 2 1 -1 1 1 1 1,10, 2026-04-22 01:38:32, 4305.371261, -1.000000, 0.036342, False, 3, 7, 324.577953, 433.444821 
20170608T121747991951, 101, 5.000000, 2, mFSTSP Heuristic, 1, -1, True, True, 1, 1, main.py 20170608T121747991951 101 5 2 1 -1 1 1 1 1,10, 2026-04-22 01:38:34, 5047.770581, -1.000000, 0.038122, False, 3, 7, 442.759971, 175.742403 
20170608T121807019623, 101, 5.000000, 2, mFSTSP Heuristic, 1, -1, True, True, 1, 1, main.py 20170608T121807019623 101 5 2 1 -1 1 1 1 1,10, 2026-04-22 01:38:35, 4249.114760, -1.000000, 0.034615, False, 3, 7, 300.790388, 255.259261 
20170608T121825920767, 101, 5.000000, 2, mFSTSP Heuristic, 1, -1, True, True, 1, 1, main.py 20170608T121825920767 101 5 2 1 -1 1 1 1 1,10, 2026-04-22 01:38:36, 5470.697629, -1.000000, 0.020862, False, 1, 9, 104.521948, 30.000000 
20170608T121844810174, 101, 5.000000, 2, mFSTSP Heuristic, 1, -1, True, True, 1, 1, main.py 20170608T121844810174 101 5 2 1 -1 1 1 1 1,10, 2026-04-22 01:38:37, 4231.841488, -1.000000, 0.022848, False, 1, 9, 90.000000, 40.482562 
20170608T121903600571, 101, 5.000000, 2, mFSTSP Heuristic, 1, -1, True, True, 1, 1, main.py 20170608T121903600571 101 5 2 1 -1 1 1 1 1,10, 2026-04-22 01:38:38, 5704.491738, -1.000000, 0.038686, False, 3, 7, 410.121655, 519.744048 
20170608T121925358737, 101, 5.000000, 2, mFSTSP Heuristic, 1, -1, True, True, 1, 1, main.py 20170608T121925358737 101 5 2 1 -1 1 1 1 1,10, 2026-04-22 01:38:39, 4453.368550, -1.000000, 0.024616, False, 3, 7, 240.000000, 621.696002 
20170608T122024823843, 101, 5.000000, 2, mFSTSP Heuristic, 1, -1, True, True, 1, 1, main.py 20170608T122024823843 101 5 2 1 -1 1 1 1 1,10, 2026-04-22 01:38:41, 1236.292526, -1.000000, 0.061079, False, 3, 7, 240.000000, 192.644886 
20170608T122029847985, 101, 5.000000, 2, mFSTSP Heuristic, 1, -1, True, True, 1, 1, main.py 20170608T122029847985 101 5 2 1 -1 1 1 1 1,10, 2026-04-22 01:38:43, 1390.440297, -1.000000, 0.075473, False, 2, 8, 180.000000, 57.769729 
20170608T122034665363, 101, 5.000000, 2, mFSTSP Heuristic, 1, -1, True, True, 1, 1, main.py 20170608T122034665363 101 5 2 1 -1 1 1 1 1,10, 2026-04-22 01:38:45, 1510.356949, -1.000000, 0.058250, False, 2, 8, 180.000000, 248.453666 
20170608T122043762852, 101, 5.000000, 2, mFSTSP Heuristic, 1, -1, True, True, 1, 1, main.py 20170608T122043762852 101 5 2 1 -1 1 1 1 1,10, 2026-04-22 01:38:47, 1174.878166, -1.000000, 0.036567, False, 3, 7, 240.000000, 128.965557 
20170608T122048564577, 101, 5.000000, 2, mFSTSP Heuristic, 1, -1, True, True, 1, 1, main.py 20170608T122048564577 101 5 2 1 -1 1 1 1 1,10, 2026-04-22 01:38:49, 1473.452895, -1.000000, 0.084829, False, 3, 7, 270.000000, 225.234475 
20170608T122053358160, 101, 5.000000, 2, mFSTSP Heuristic, 1, -1, True, True, 1, 1, main.py 20170608T122053358160 101 5 2 1 -1 1 1 1 1,10, 2026-04-22 01:38:52, 1649.186533, -1.000000, 0.035277, False, 2, 8, 190.643737, 50.027565 
20170608T122058404415, 101, 5.000000, 2, mFSTSP Heuristic, 1, -1, True, True, 1, 1, main.py 20170608T122058404415 101 5 2 1 -1 1 1 1 1,10, 2026-04-22 01:38:54, 1352.250883, -1.000000, 0.049643, False, 2, 8, 180.000000, 130.324592 
20170608T122103536027, 101, 5.000000, 2, mFSTSP Heuristic, 1, -1, True, True, 1, 1, main.py 20170608T122103536027 101 5 2 1 -1 1 1 1 1,10, 2026-04-22 01:38:56, 1504.472408, -1.000000, 0.042951, False, 4, 6, 330.000000, 373.350477 
20170608T122108589505, 101, 5.000000, 2, mFSTSP Heuristic, 1, -1, True, True, 1, 1, main.py 20170608T122108589505 101 5 2 1 -1 1 1 1 1,10, 2026-04-22 01:38:58, 1606.389780, -1.000000, 0.043487, False, 4, 6, 330.000000, 189.839507 
20170608T131310834813, 101, 5.000000, 2, mFSTSP Heuristic, 1, -1, True, True, 1, 1, main.py 20170608T131310834813 101 5 2 1 -1 1 1 1 1,10, 2026-04-22 01:39:00, 1206.838446, -1.000000, 0.051487, False, 3, 7, 314.331171, 172.380653 
20170606T113038113409, 101, 5.000000, 2, mFSTSP Heuristic, 1, -1, True, True, 1, 1, main.py 20170606T113038113409 101 5 2 1 -1 1 1 1 1,25, 2026-04-22 01:41:55, 8799.860981, -1.000000, 0.607430, False, 9, 16, 972.242729, 1789.909285 
20170606T113251786976, 101, 5.000000, 2, mFSTSP Heuristic, 1, -1, True, True, 1, 1, main.py 20170606T113251786976 101 5 2 1 -1 1 1 1 1,25, 2026-04-22 01:42:37, 10334.219806, -1.000000, 0.292471, False, 7, 18, 868.169729, 888.699649 
20170606T113339368121, 101, 5.000000, 2, mFSTSP Heuristic, 1, -1, True, True, 1, 1, main.py 20170606T113339368121 101 5 2 1 -1 1 1 1 1,25, 2026-04-22 01:44:10, 8589.442479, -1.000000, 0.939342, False, 8, 17, 748.784821, 718.849888 
20170606T113427164164, 101, 5.000000, 2, mFSTSP Heuristic, 1, -1, True, True, 1, 1, main.py 20170606T113427164164 101 5 2 1 -1 1 1 1 1,25, 2026-04-22 01:45:13, 9064.033384, -1.000000, 0.387047, False, 8, 17, 946.633749, 936.188933 
20170606T113515209066, 101, 5.000000, 2, mFSTSP Heuristic, 1, -1, True, True, 1, 1, main.py 20170606T113515209066 101 5 2 1 -1 1 1 1 1,25, 2026-04-22 01:46:26, 9177.069972, -1.000000, 0.326610, False, 7, 18, 713.744996, 650.259374 
20170606T113603010160, 101, 5.000000, 2, mFSTSP Heuristic, 1, -1, True, True, 1, 1, main.py 20170606T113603010160 101 5 2 1 -1 1 1 1 1,25, 2026-04-22 01:47:33, 10584.619301, -1.000000, 0.339192, False, 7, 18, 696.506678, 929.013208 
20170606T113651352937, 101, 5.000000, 2, mFSTSP Heuristic, 1, -1, True, True, 1, 1, main.py 20170606T113651352937 101 5 2 1 -1 1 1 1 1,25, 2026-04-22 01:48:54, 9202.276796, -1.000000, 0.388692, False, 7, 18, 646.124160, 1160.106542 
20170606T123216270309, 101, 5.000000, 2, mFSTSP Heuristic, 1, -1, True, True, 1, 1, main.py 20170606T123216270309 101 5 2 1 -1 1 1 1 1,25, 2026-04-22 01:54:52, 5844.214212, -1.000000, 0.672622, False, 9, 16, 904.909036, 1061.141120 
20170606T123231190878, 101, 5.000000, 2, mFSTSP Heuristic, 1, -1, True, True, 1, 1, main.py 20170606T123231190878 101 5 2 1 -1 1 1 1 1,25, 2026-04-22 02:01:59, 5596.966889, -1.000000, 0.682933, False, 8, 17, 717.580935, 1330.714397 
20170606T123246328134, 101, 5.000000, 2, mFSTSP Heuristic, 1, -1, True, True, 1, 1, main.py 20170606T123246328134 101 5 2 1 -1 1 1 1 1,25, 2026-04-22 02:06:27, 6685.440524, -1.000000, 0.345550, False, 9, 16, 1038.856406, 1356.689491 
20170606T123301396863, 101, 5.000000, 2, mFSTSP Heuristic, 1, -1, True, True, 1, 1, main.py 20170606T123301396863 101 5 2 1 -1 1 1 1 1,25, 2026-04-22 09:20:15, 5495.391469, -1.000000, 0.616475, False, 12, 13, 1159.579742, 1008.283623 
20170606T123316638608, 101, 5.000000, 2, mFSTSP Heuristic, 1, -1, True, True, 1, 1, main.py 20170606T123316638608 101 5 2 1 -1 1 1 1 1,25, 2026-04-22 13:55:03, 6127.388262, -1.000000, 0.598700, False, 10, 15, 914.234265, 1519.242356 
20170606T123331779163, 101, 5.000000, 2, mFSTSP Heuristic, 1, -1, True, True, 1, 1, main.py 20170606T123331779163 101 5 2 1 -1 1 1 1 1,25, 2026-04-22 14:04:13, 6846.591989, -1.000000, 0.428257, False, 10, 15, 936.670767, 1465.005272 
20170606T123346836976, 101, 5.000000, 2, mFSTSP Heuristic, 1, -1, True, True, 1, 1, main.py 20170606T123346836976 101 5 2 1 -1 1 1 1 1,25, 2026-04-22 16:30:32, 6149.539715, -1.000000, 0.815900, False, 8, 17, 828.394731, 752.209495 
20170606T123411109972, 101, 5.000000, 2, mFSTSP Heuristic, 1, -1, True, True, 1, 1, main.py 20170606T123411109972 101 5 2 1 -1 1 1 1 1,25, 2026-04-22 16:35:33, 5824.426913, -1.000000, 1.007245, False, 9, 16, 1036.800291, 738.089891 
20170606T123426160449, 101, 5.000000, 2, mFSTSP Heuristic, 1, -1, True, True, 1, 1, main.py 20170606T123426160449 101 5 2 1 -1 1 1 1 1,25, 2026-04-22 16:39:22, 6240.384532, -1.000000, 0.574581, False, 9, 16, 933.500155, 1353.523653 
20170606T181516057642, 101, 5.000000, 2, mFSTSP Heuristic, 1, -1, True, True, 1, 1, main.py 20170606T181516057642 101 5 2 1 -1 1 1 1 1,25, 2026-04-22 16:40:13, 10184.217014, -1.000000, 0.483634, False, 7, 18, 879.534082, 688.356050 
20170606T181644949435, 101, 5.000000, 2, mFSTSP Heuristic, 1, -1, True, True, 1, 1, main.py 20170606T181644949435 101 5 2 1 -1 1 1 1 1,25, 2026-04-22 16:40:57, 9851.613122, -1.000000, 0.336034, False, 8, 17, 829.124827, 1339.694261 
20170606T183158840946, 101, 5.000000, 2, mFSTSP Heuristic, 1, -1, True, True, 1, 1, main.py 20170606T183158840946 101 5 2 1 -1 1 1 1 1,25, 2026-04-22 16:45:10, 5869.829216, -1.000000, 0.428409, False, 11, 14, 1096.434310, 1297.232937 
20170607T111048231225, 101, 5.000000, 2, mFSTSP Heuristic, 1, -1, True, True, 1, 1, main.py 20170607T111048231225 101 5 2 1 -1 1 1 1 1,25, 2026-04-22 16:46:23, 10068.118279, -1.000000, 0.606339, False, 6, 19, 733.613048, 367.787903 
20170606T113038113409, 101, 5.000000, 2, mFSTSP Heuristic, 1, -1, True, True, 1, 1, main.py 20170606T113038113409 101 5 2 1 -1 1 1 1 1,25, 2026-04-30 20:27:27, 8799.860981, -1.000000, 0.355824, False, 9, 16, 972.242729, 1789.909285 
20170606T113251786976, 101, 5.000000, 2, mFSTSP Heuristic, 1, -1, True, True, 1, 1, main.py 20170606T113251786976 101 5 2 1 -1 1 1 1 1,25, 2026-04-30 20:27:27, 10334.219806, -1.000000, 0.188024, False, 7, 18, 868.169729, 888.699649 
20170606T113339368121, 101, 5.000000, 2, mFSTSP Heuristic, 1, -1, True, True, 1, 1, main.py 20170606T113339368121 101 5 2 1 -1 1 1 1 1,25, 2026-04-30 20:27:28, 8589.442479, -1.000000, 0.536498, False, 8, 17, 748.784821, 718.849888 
20170606T113427164164, 101, 5.000000, 2, mFSTSP Heuristic, 1, -1, True, True, 1, 1, main.py 20170606T113427164164 101 5 2 1 -1 1 1 1 1,25, 2026-04-30 20:27:29, 9064.033384, -1.000000, 0.245770, False, 8, 17, 946.633749, 936.188933 
20170606T113515209066, 101, 5.000000, 2, mFSTSP Heuristic, 1, -1, True, True, 1, 1, main.py 20170606T113515209066 101 5 2 1 -1 1 1 1 1,25, 2026-04-30 20:27:29, 9177.069972, -1.000000, 0.188527, False, 7, 18, 713.744996, 650.259374 
20170606T113603010160, 101, 5.000000, 2, mFSTSP Heuristic, 1, -1, True, True, 1, 1, main.py 20170606T113603010160 101 5 2 1 -1 1 1 1 1,25, 2026-04-30 20:27:30, 10584.619301, -1.000000, 0.216446, False, 7, 18, 696.506678, 929.013208 
20170606T113651352937, 101, 5.000000, 2, mFSTSP Heuristic, 1, -1, True, True, 1, 1, main.py 20170606T113651352937 101 5 2 1 -1 1 1 1 1,25, 2026-04-30 20:27:30, 9202.276796, -1.000000, 0.208988, False, 7, 18, 646.124160, 1160.106542 
20170608T121355407419, 101, 5.000000, 2, mFSTSP Heuristic, 1, -1, True, True, 1, 1, main.py 20170608T121355407419 101 5 2 1 -1 1 1 1 1,8, 2026-04-30 20:32:16, 3425.656000, -1.000000, 0.037152, False, 2, 6, 180.000000, 171.518051 
20170608T121411132375, 101, 5.000000, 2, mFSTSP Heuristic, 1, -1, True, True, 1, 1, main.py 20170608T121411132375 101 5 2 1 -1 1 1 1 1,8, 2026-04-30 20:32:16, 4024.257751, -1.000000, 0.015934, False, 2, 6, 304.956270, 392.170368 
20170608T121426910678, 101, 5.000000, 2, mFSTSP Heuristic, 1, -1, True, True, 1, 1, main.py 20170608T121426910678 101 5 2 1 -1 1 1 1 1,8, 2026-04-30 20:32:17, 3222.120149, -1.000000, 0.019590, False, 4, 4, 330.000000, 794.858391 
20170608T121442695307, 101, 5.000000, 2, mFSTSP Heuristic, 1, -1, True, True, 1, 1, main.py 20170608T121442695307 101 5 2 1 -1 1 1 1 1,8, 2026-04-30 20:32:17, 3168.293122, -1.000000, 0.011930, False, 1, 7, 60.000000, 139.494396 
20170608T121458174165, 101, 5.000000, 2, mFSTSP Heuristic, 1, -1, True, True, 1, 1, main.py 20170608T121458174165 101 5 2 1 -1 1 1 1 1,8, 2026-04-30 20:32:17, 5527.234129, -1.000000, 0.006782, False, 0, 8, -0.000000, 0.000000 
20170608T121529379067, 101, 5.000000, 2, mFSTSP Heuristic, 1, -1, True, True, 1, 1, main.py 20170608T121529379067 101 5 2 1 -1 1 1 1 1,8, 2026-04-30 20:32:17, 4342.372647, -1.000000, 0.010656, False, 0, 8, -0.000000, 0.000000 
20170608T121545140439, 101, 5.000000, 2, mFSTSP Heuristic, 1, -1, True, True, 1, 1, main.py 20170608T121545140439 101 5 2 1 -1 1 1 1 1,8, 2026-04-30 20:32:18, 4985.762935, -1.000000, 0.011892, False, 2, 6, 250.349328, 157.070505 
20170608T121601152699, 101, 5.000000, 2, mFSTSP Heuristic, 1, -1, True, True, 1, 1, main.py 20170608T121601152699 101 5 2 1 -1 1 1 1 1,8, 2026-04-30 20:32:18, 3835.539426, -1.000000, 0.011829, False, 3, 5, 270.000000, 448.499147 
20170608T121616676866, 101, 5.000000, 2, mFSTSP Heuristic, 1, -1, True, True, 1, 1, main.py 20170608T121616676866 101 5 2 1 -1 1 1 1 1,8, 2026-04-30 20:32:18, 4578.093528, -1.000000, 0.016073, False, 2, 6, 350.090939, 113.349276 
20170608T121944818056, 101, 5.000000, 2, mFSTSP Heuristic, 1, -1, True, True, 1, 1, main.py 20170608T121944818056 101 5 2 1 -1 1 1 1 1,8, 2026-04-30 20:32:18, 1103.007537, -1.000000, 0.019078, False, 2, 6, 161.766962, 9.197644 
20170608T121949065533, 101, 5.000000, 2, mFSTSP Heuristic, 1, -1, True, True, 1, 1, main.py 20170608T121949065533 101 5 2 1 -1 1 1 1 1,8, 2026-04-30 20:32:19, 1020.797261, -1.000000, 0.031531, False, 2, 6, 180.000000, 194.538539 
20170608T121956644648, 101, 5.000000, 2, mFSTSP Heuristic, 1, -1, True, True, 1, 1, main.py 20170608T121956644648 101 5 2 1 -1 1 1 1 1,8, 2026-04-30 20:32:19, 1246.926336, -1.000000, 0.032006, False, 3, 5, 332.114895, 94.186695 
20170608T122000657532, 101, 5.000000, 2, mFSTSP Heuristic, 1, -1, True, True, 1, 1, main.py 20170608T122000657532 101 5 2 1 -1 1 1 1 1,8, 2026-04-30 20:32:19, 1171.684698, -1.000000, 0.023784, False, 3, 5, 240.000000, 105.425434 
20170608T122004631179, 101, 5.000000, 2, mFSTSP Heuristic, 1, -1, True, True, 1, 1, main.py 20170608T122004631179 101 5 2 1 -1 1 1 1 1,8, 2026-04-30 20:32:20, 1236.956101, -1.000000, 0.018012, False, 3, 5, 310.202111, 240.335159 
20170608T122008595748, 101, 5.000000, 2, mFSTSP Heuristic, 1, -1, True, True, 1, 1, main.py 20170608T122008595748 101 5 2 1 -1 1 1 1 1,8, 2026-04-30 20:32:20, 1431.804374, -1.000000, 0.010813, False, 0, 8, -0.000000, 0.000000 
20170608T122012790213, 101, 5.000000, 2, mFSTSP Heuristic, 1, -1, True, True, 1, 1, main.py 20170608T122012790213 101 5 2 1 -1 1 1 1 1,8, 2026-04-30 20:32:20, 1198.046574, -1.000000, 0.028982, False, 2, 6, 180.000000, 144.534340 
20170608T122016762729, 101, 5.000000, 2, mFSTSP Heuristic, 1, -1, True, True, 1, 1, main.py 20170608T122016762729 101 5 2 1 -1 1 1 1 1,8, 2026-04-30 20:32:20, 1389.862327, -1.000000, 0.010690, False, 2, 6, 150.000000, 135.108356 
20170608T122020812277, 101, 5.000000, 2, mFSTSP Heuristic, 1, -1, True, True, 1, 1, main.py 20170608T122020812277 101 5 2 1 -1 1 1 1 1,8, 2026-04-30 20:32:21, 1393.899990, -1.000000, 0.014320, False, 3, 5, 240.000000, 238.343448 
20170608T131251001523, 101, 5.000000, 2, mFSTSP Heuristic, 1, -1, True, True, 1, 1, main.py 20170608T131251001523 101 5 2 1 -1 1 1 1 1,8, 2026-04-30 20:32:21, 5801.637348, -1.000000, 0.008377, False, 1, 7, 90.000000, 182.881151 
20170608T131306913055, 101, 5.000000, 2, mFSTSP Heuristic, 1, -1, True, True, 1, 1, main.py 20170608T131306913055 101 5 2 1 -1 1 1 1 1,8, 2026-04-30 20:32:21, 1131.420444, -1.000000, 0.025123, False, 3, 5, 240.000000, 118.474799 
20170608T121632668184, 101, 5.000000, 2, mFSTSP Heuristic, 1, -1, True, True, 1, 1, main.py 20170608T121632668184 101 5 2 1 -1 1 1 1 1,10, 2026-04-30 20:32:21, 5068.513081, -1.000000, 0.012386, False, 1, 9, 90.000000, 93.531243 
20170608T121651164057, 101, 5.000000, 2, mFSTSP Heuristic, 1, -1, True, True, 1, 1, main.py 20170608T121651164057 101 5 2 1 -1 1 1 1 1,10, 2026-04-30 20:32:22, 4154.849729, -1.000000, 0.023215, False, 3, 7, 358.196809, 471.531464 
20170608T121710107640, 101, 5.000000, 2, mFSTSP Heuristic, 1, -1, True, True, 1, 1, main.py 20170608T121710107640 101 5 2 1 -1 1 1 1 1,10, 2026-04-30 20:32:22, 4563.131492, -1.000000, 0.016317, False, 3, 7, 240.000000, 389.702005 
20170608T121728978505, 101, 5.000000, 2, mFSTSP Heuristic, 1, -1, True, True, 1, 1, main.py 20170608T121728978505 101 5 2 1 -1 1 1 1 1,10, 2026-04-30 20:32:22, 4305.371261, -1.000000, 0.019618, False, 3, 7, 324.577953, 433.444821 
20170608T121747991951, 101, 5.000000, 2, mFSTSP Heuristic, 1, -1, True, True, 1, 1, main.py 20170608T121747991951 101 5 2 1 -1 1 1 1 1,10, 2026-04-30 20:32:22, 5047.770581, -1.000000, 0.023050, False, 3, 7, 442.759971, 175.742403 
20170608T121807019623, 101, 5.000000, 2, mFSTSP Heuristic, 1, -1, True, True, 1, 1, main.py 20170608T121807019623 101 5 2 1 -1 1 1 1 1,10, 2026-04-30 20:32:23, 4249.114760, -1.000000, 0.020356, False, 3, 7, 300.790388, 255.259261 
20170608T121825920767, 101, 5.000000, 2, mFSTSP Heuristic, 1, -1, True, True, 1, 1, main.py 20170608T121825920767 101 5 2 1 -1 1 1 1 1,10, 2026-04-30 20:32:23, 5470.697629, -1.000000, 0.012582, False, 1, 9, 104.521948, 30.000000 
20170608T121844810174, 101, 5.000000, 2, mFSTSP Heuristic, 1, -1, True, True, 1, 1, main.py 20170608T121844810174 101 5 2 1 -1 1 1 1 1,10, 2026-04-30 20:32:23, 4231.841488, -1.000000, 0.014139, False, 1, 9, 90.000000, 40.482562 
20170608T121903600571, 101, 5.000000, 2, mFSTSP Heuristic, 1, -1, True, True, 1, 1, main.py 20170608T121903600571 101 5 2 1 -1 1 1 1 1,10, 2026-04-30 20:32:24, 5704.491738, -1.000000, 0.022086, False, 3, 7, 410.121655, 519.744048 
20170608T121925358737, 101, 5.000000, 2, mFSTSP Heuristic, 1, -1, True, True, 1, 1, main.py 20170608T121925358737 101 5 2 1 -1 1 1 1 1,10, 2026-04-30 20:32:24, 4453.368550, -1.000000, 0.015360, False, 3, 7, 240.000000, 621.696002 
20170608T122024823843, 101, 5.000000, 2, mFSTSP Heuristic, 1, -1, True, True, 1, 1, main.py 20170608T122024823843 101 5 2 1 -1 1 1 1 1,10, 2026-04-30 20:32:24, 1236.292526, -1.000000, 0.037148, False, 3, 7, 240.000000, 192.644886 
20170608T122029847985, 101, 5.000000, 2, mFSTSP Heuristic, 1, -1, True, True, 1, 1, main.py 20170608T122029847985 101 5 2 1 -1 1 1 1 1,10, 2026-04-30 20:32:24, 1390.440297, -1.000000, 0.043829, False, 2, 8, 180.000000, 57.769729 
20170608T122034665363, 101, 5.000000, 2, mFSTSP Heuristic, 1, -1, True, True, 1, 1, main.py 20170608T122034665363 101 5 2 1 -1 1 1 1 1,10, 2026-04-30 20:32:25, 1510.356949, -1.000000, 0.033596, False, 2, 8, 180.000000, 248.453666 
20170608T122043762852, 101, 5.000000, 2, mFSTSP Heuristic, 1, -1, True, True, 1, 1, main.py 20170608T122043762852 101 5 2 1 -1 1 1 1 1,10, 2026-04-30 20:32:25, 1174.878166, -1.000000, 0.021405, False, 3, 7, 240.000000, 128.965557 
20170608T122048564577, 101, 5.000000, 2, mFSTSP Heuristic, 1, -1, True, True, 1, 1, main.py 20170608T122048564577 101 5 2 1 -1 1 1 1 1,10, 2026-04-30 20:32:25, 1473.452895, -1.000000, 0.024149, False, 3, 7, 270.000000, 225.234475 
20170608T122053358160, 101, 5.000000, 2, mFSTSP Heuristic, 1, -1, True, True, 1, 1, main.py 20170608T122053358160 101 5 2 1 -1 1 1 1 1,10, 2026-04-30 20:32:26, 1649.186533, -1.000000, 0.021361, False, 2, 8, 190.643737, 50.027565 
20170608T122058404415, 101, 5.000000, 2, mFSTSP Heuristic, 1, -1, True, True, 1, 1, main.py 20170608T122058404415 101 5 2 1 -1 1 1 1 1,10, 2026-04-30 20:32:26, 1352.250883, -1.000000, 0.028359, False, 2, 8, 180.000000, 130.324592 
20170608T122103536027, 101, 5.000000, 2, mFSTSP Heuristic, 1, -1, True, True, 1, 1, main.py 20170608T122103536027 101 5 2 1 -1 1 1 1 1,10, 2026-04-30 20:32:26, 1504.472408, -1.000000, 0.028781, False, 4, 6, 330.000000, 373.350477 
20170608T122108589505, 101, 5.000000, 2, mFSTSP Heuristic, 1, -1, True, True, 1, 1, main.py 20170608T122108589505 101 5 2 1 -1 1 1 1 1,10, 2026-04-30 20:32:26, 1606.389780, -1.000000, 0.026080, False, 4, 6, 330.000000, 189.839507 
20170608T131310834813, 101, 5.000000, 2, mFSTSP Heuristic, 1, -1, True, True, 1, 1, main.py 20170608T131310834813 101 5 2 1 -1 1 1 1 1,10, 2026-04-30 20:32:27, 1206.838446, -1.000000, 0.030411, False, 3, 7, 314.331171, 172.380653 
20170606T113038113409, 101, 5.000000, 2, mFSTSP Heuristic, 1, -1, True, True, 1, 1, main.py 20170606T113038113409 101 5 2 1 -1 1 1 1 1,25, 2026-04-30 20:32:27, 8799.860981, -1.000000, 0.372428, False, 9, 16, 972.242729, 1789.909285 
20170606T113251786976, 101, 5.000000, 2, mFSTSP Heuristic, 1, -1, True, True, 1, 1, main.py 20170606T113251786976 101 5 2 1 -1 1 1 1 1,25, 2026-04-30 20:32:28, 10334.219806, -1.000000, 0.173767, False, 7, 18, 868.169729, 888.699649 
20170606T113339368121, 101, 5.000000, 2, mFSTSP Heuristic, 1, -1, True, True, 1, 1, main.py 20170606T113339368121 101 5 2 1 -1 1 1 1 1,25, 2026-04-30 20:32:28, 8589.442479, -1.000000, 0.564945, False, 8, 17, 748.784821, 718.849888 
20170606T113427164164, 101, 5.000000, 2, mFSTSP Heuristic, 1, -1, True, True, 1, 1, main.py 20170606T113427164164 101 5 2 1 -1 1 1 1 1,25, 2026-04-30 20:32:29, 9064.033384, -1.000000, 0.233338, False, 8, 17, 946.633749, 936.188933 
20170606T113515209066, 101, 5.000000, 2, mFSTSP Heuristic, 1, -1, True, True, 1, 1, main.py 20170606T113515209066 101 5 2 1 -1 1 1 1 1,25, 2026-04-30 20:32:29, 9177.069972, -1.000000, 0.193652, False, 7, 18, 713.744996, 650.259374 
20170606T113603010160, 101, 5.000000, 2, mFSTSP Heuristic, 1, -1, True, True, 1, 1, main.py 20170606T113603010160 101 5 2 1 -1 1 1 1 1,25, 2026-04-30 20:32:30, 10584.619301, -1.000000, 0.211375, False, 7, 18, 696.506678, 929.013208 
20170606T113651352937, 101, 5.000000, 2, mFSTSP Heuristic, 1, -1, True, True, 1, 1, main.py 20170606T113651352937 101 5 2 1 -1 1 1 1 1,25, 2026-04-30 20:32:30, 9202.276796, -1.000000, 0.213755, False, 7, 18, 646.124160, 1160.106542 
20170606T123216270309, 101, 5.000000, 2, mFSTSP Heuristic, 1, -1, True, True, 1, 1, main.py 20170606T123216270309 101 5 2 1 -1 1 1 1 1,25, 2026-04-30 20:32:31, 5844.214212, -1.000000, 0.422704, False, 9, 16, 904.909036, 1061.141120 
20170606T123231190878, 101, 5.000000, 2, mFSTSP Heuristic, 1, -1, True, True, 1, 1, main.py 20170606T123231190878 101 5 2 1 -1 1 1 1 1,25, 2026-04-30 20:32:32, 5596.966889, -1.000000, 0.399444, False, 8, 17, 717.580935, 1330.714397 
20170606T123246328134, 101, 5.000000, 2, mFSTSP Heuristic, 1, -1, True, True, 1, 1, main.py 20170606T123246328134 101 5 2 1 -1 1 1 1 1,25, 2026-04-30 20:32:32, 6685.440524, -1.000000, 0.199118, False, 9, 16, 1038.856406, 1356.689491 
20170606T123301396863, 101, 5.000000, 2, mFSTSP Heuristic, 1, -1, True, True, 1, 1, main.py 20170606T123301396863 101 5 2 1 -1 1 1 1 1,25, 2026-04-30 20:32:33, 5495.391469, -1.000000, 0.277370, False, 12, 13, 1159.579742, 1008.283623 
20170606T123316638608, 101, 5.000000, 2, mFSTSP Heuristic, 1, -1, True, True, 1, 1, main.py 20170606T123316638608 101 5 2 1 -1 1 1 1 1,25, 2026-04-30 20:32:33, 6127.388262, -1.000000, 0.355529, False, 10, 15, 914.234265, 1519.242356 
20170606T123331779163, 101, 5.000000, 2, mFSTSP Heuristic, 1, -1, True, True, 1, 1, main.py 20170606T123331779163 101 5 2 1 -1 1 1 1 1,25, 2026-04-30 20:32:34, 6846.591989, -1.000000, 0.261391, False, 10, 15, 936.670767, 1465.005272 
20170606T123346836976, 101, 5.000000, 2, mFSTSP Heuristic, 1, -1, True, True, 1, 1, main.py 20170606T123346836976 101 5 2 1 -1 1 1 1 1,25, 2026-04-30 20:32:34, 6149.539715, -1.000000, 0.432353, False, 8, 17, 828.394731, 752.209495 
20170606T123411109972, 101, 5.000000, 2, mFSTSP Heuristic, 1, -1, True, True, 1, 1, main.py 20170606T123411109972 101 5 2 1 -1 1 1 1 1,25, 2026-04-30 20:32:35, 5824.426913, -1.000000, 0.436214, False, 9, 16, 1036.800291, 738.089891 
20170606T123426160449, 101, 5.000000, 2, mFSTSP Heuristic, 1, -1, True, True, 1, 1, main.py 20170606T123426160449 101 5 2 1 -1 1 1 1 1,25, 2026-04-30 20:32:36, 6240.384532, -1.000000, 0.330371, False, 9, 16, 933.500155, 1353.523653 
20170606T181516057642, 101, 5.000000, 2, mFSTSP Heuristic, 1, -1, True, True, 1, 1, main.py 20170606T181516057642 101 5 2 1 -1 1 1 1 1,25, 2026-04-30 20:32:36, 10184.217014, -1.000000, 0.277175, False, 7, 18, 879.534082, 688.356050 
20170606T181644949435, 101, 5.000000, 2, mFSTSP Heuristic, 1, -1, True, True, 1, 1, main.py 20170606T181644949435 101 5 2 1 -1 1 1 1 1,25, 2026-04-30 20:32:37, 9851.613122, -1.000000, 0.204436, False, 8, 17, 829.124827, 1339.694261 
20170606T183158840946, 101, 5.000000, 2, mFSTSP Heuristic, 1, -1, True, True, 1, 1, main.py 20170606T183158840946 101 5 2 1 -1 1 1 1 1,25, 2026-04-30 20:32:37, 5869.829216, -1.000000, 0.244169, False, 11, 14, 1096.434310, 1297.232937 
20170607T111048231225, 101, 5.000000, 2, mFSTSP Heuristic, 1, -1, True, True, 1, 1, main.py 20170607T111048231225 101 5 2 1 -1 1 1 1 1,25, 2026-04-30 20:32:38, 10068.118279, -1.000000, 0.356961, False, 6, 19, 733.613048, 367.787903 
20170608T121632668184, 101, 3600.000000, 2, mFSTSP No-Gurobi Heuristic, 3, -1, True, True, 3, 1, main.py 20170608T121632668184 101 3600 2 3 -1 1 1 3 1,10, 2026-05-07 18:00:02, 3024.179385, -1.000000, 0.008117, False, 7, 3, 688.112732, 506.522963 
20170608T121355407419, 101, 3600.000000, 2, mFSTSP No-Gurobi Heuristic, 3, -1, True, True, 3, 1, main.py 20170608T121355407419 101 3600 2 3 -1 1 1 3 1,8, 2026-05-07 18:06:07, 2848.656465, -1.000000, 0.003190, False, 5, 3, 85.846763, 875.328190 
20170608T121411132375, 101, 3600.000000, 2, mFSTSP No-Gurobi Heuristic, 3, -1, True, True, 3, 1, main.py 20170608T121411132375 101 3600 2 3 -1 1 1 3 1,8, 2026-05-07 18:06:07, 3153.913950, -1.000000, 0.003135, False, 5, 3, 257.389754, 206.125929 
20170608T121426910678, 101, 3600.000000, 2, mFSTSP No-Gurobi Heuristic, 3, -1, True, True, 3, 1, main.py 20170608T121426910678 101 3600 2 3 -1 1 1 3 1,8, 2026-05-07 18:06:07, 2948.287173, -1.000000, 0.003072, False, 6, 2, 73.831798, 1207.909551 
20170608T121442695307, 101, 3600.000000, 2, mFSTSP No-Gurobi Heuristic, 3, -1, True, True, 3, 1, main.py 20170608T121442695307 101 3600 2 3 -1 1 1 3 1,8, 2026-05-07 18:06:07, 2295.069054, -1.000000, 0.002919, False, 5, 3, 158.485393, 382.176722 
20170608T121458174165, 101, 3600.000000, 2, mFSTSP No-Gurobi Heuristic, 3, -1, True, True, 3, 1, main.py 20170608T121458174165 101 3600 2 3 -1 1 1 3 1,8, 2026-05-07 18:06:08, 4676.091770, -1.000000, 0.003625, False, 4, 4, 559.510046, 377.360921 
20170608T121529379067, 101, 3600.000000, 2, mFSTSP No-Gurobi Heuristic, 3, -1, True, True, 3, 1, main.py 20170608T121529379067 101 3600 2 3 -1 1 1 3 1,8, 2026-05-07 18:06:08, 4079.237905, -1.000000, 0.003388, False, 1, 7, 184.670303, 0.000000 
20170608T121545140439, 101, 3600.000000, 2, mFSTSP No-Gurobi Heuristic, 3, -1, True, True, 3, 1, main.py 20170608T121545140439 101 3600 2 3 -1 1 1 3 1,8, 2026-05-07 18:06:08, 4197.586291, -1.000000, 0.003232, False, 2, 6, 190.174760, 127.070505 
20170608T121601152699, 101, 3600.000000, 2, mFSTSP No-Gurobi Heuristic, 3, -1, True, True, 3, 1, main.py 20170608T121601152699 101 3600 2 3 -1 1 1 3 1,8, 2026-05-07 18:06:08, 3864.890479, -1.000000, 0.003136, False, 1, 7, 42.567451, 0.000000 
20170608T121616676866, 101, 3600.000000, 2, mFSTSP No-Gurobi Heuristic, 3, -1, True, True, 3, 1, main.py 20170608T121616676866 101 3600 2 3 -1 1 1 3 1,8, 2026-05-07 18:06:08, 3493.960216, -1.000000, 0.003616, False, 5, 3, 0.000000, 806.204644 
20170608T121944818056, 101, 3600.000000, 2, mFSTSP No-Gurobi Heuristic, 3, -1, True, True, 3, 1, main.py 20170608T121944818056 101 3600 2 3 -1 1 1 3 1,8, 2026-05-07 18:06:08, 1147.380574, -1.000000, 0.002906, False, 6, 2, 30.163336, 506.062589 
20170608T121949065533, 101, 3600.000000, 2, mFSTSP No-Gurobi Heuristic, 3, -1, True, True, 3, 1, main.py 20170608T121949065533 101 3600 2 3 -1 1 1 3 1,8, 2026-05-07 18:06:08, 1012.037552, -1.000000, 0.002877, False, 6, 2, 81.131873, 108.845532 
20170608T121956644648, 101, 3600.000000, 2, mFSTSP No-Gurobi Heuristic, 3, -1, True, True, 3, 1, main.py 20170608T121956644648 101 3600 2 3 -1 1 1 3 1,8, 2026-05-07 18:06:08, 1241.732030, -1.000000, 0.003098, False, 5, 3, 100.478092, 174.280909 
20170608T122000657532, 101, 3600.000000, 2, mFSTSP No-Gurobi Heuristic, 3, -1, True, True, 3, 1, main.py 20170608T122000657532 101 3600 2 3 -1 1 1 3 1,8, 2026-05-07 18:06:08, 1297.465936, -1.000000, 0.002900, False, 2, 6, 3.849478, 59.157485 
20170608T122004631179, 101, 3600.000000, 2, mFSTSP No-Gurobi Heuristic, 3, -1, True, True, 3, 1, main.py 20170608T122004631179 101 3600 2 3 -1 1 1 3 1,8, 2026-05-07 18:06:08, 1215.167846, -1.000000, 0.002948, False, 4, 4, 0.000000, 193.273210 
20170608T122008595748, 101, 3600.000000, 2, mFSTSP No-Gurobi Heuristic, 3, -1, True, True, 3, 1, main.py 20170608T122008595748 101 3600 2 3 -1 1 1 3 1,8, 2026-05-07 18:06:08, 1431.804374, -1.000000, 0.002981, False, 0, 8, 0.000000, 0.000000 
20170608T122012790213, 101, 3600.000000, 2, mFSTSP No-Gurobi Heuristic, 3, -1, True, True, 3, 1, main.py 20170608T122012790213 101 3600 2 3 -1 1 1 3 1,8, 2026-05-07 18:06:08, 1264.890974, -1.000000, 0.002800, False, 4, 4, 14.963456, 298.789884 
20170608T122016762729, 101, 3600.000000, 2, mFSTSP No-Gurobi Heuristic, 3, -1, True, True, 3, 1, main.py 20170608T122016762729 101 3600 2 3 -1 1 1 3 1,8, 2026-05-07 18:06:08, 1415.803549, -1.000000, 0.002715, False, 0, 8, 0.000000, 0.000000 
20170608T122020812277, 101, 3600.000000, 2, mFSTSP No-Gurobi Heuristic, 3, -1, True, True, 3, 1, main.py 20170608T122020812277 101 3600 2 3 -1 1 1 3 1,8, 2026-05-07 18:06:08, 1387.068185, -1.000000, 0.002819, False, 4, 4, 29.304160, 103.497138 
20170608T131251001523, 101, 3600.000000, 2, mFSTSP No-Gurobi Heuristic, 3, -1, True, True, 3, 1, main.py 20170608T131251001523 101 3600 2 3 -1 1 1 3 1,8, 2026-05-07 18:06:08, 5296.706142, -1.000000, 0.003576, False, 2, 6, 0.000000, 1047.828965 
20170608T131306913055, 101, 3600.000000, 2, mFSTSP No-Gurobi Heuristic, 3, -1, True, True, 3, 1, main.py 20170608T131306913055 101 3600 2 3 -1 1 1 3 1,8, 2026-05-07 18:06:08, 1207.590240, -1.000000, 0.003136, False, 6, 2, 0.000000, 610.338966 
20170608T121632668184, 101, 3600.000000, 2, mFSTSP No-Gurobi Heuristic, 3, -1, True, True, 3, 1, main.py 20170608T121632668184 101 3600 2 3 -1 1 1 3 1,10, 2026-05-07 18:06:08, 3024.179385, -1.000000, 0.005502, False, 7, 3, 688.112732, 506.522963 
20170608T121651164057, 101, 3600.000000, 2, mFSTSP No-Gurobi Heuristic, 3, -1, True, True, 3, 1, main.py 20170608T121651164057 101 3600 2 3 -1 1 1 3 1,10, 2026-05-07 18:06:08, 3423.145686, -1.000000, 0.005344, False, 8, 2, 0.000000, 2711.898784 
20170608T121710107640, 101, 3600.000000, 2, mFSTSP No-Gurobi Heuristic, 3, -1, True, True, 3, 1, main.py 20170608T121710107640 101 3600 2 3 -1 1 1 3 1,10, 2026-05-07 18:06:08, 4469.138650, -1.000000, 0.005349, False, 7, 3, 0.000000, 3048.551248 
20170608T121728978505, 101, 3600.000000, 2, mFSTSP No-Gurobi Heuristic, 3, -1, True, True, 3, 1, main.py 20170608T121728978505 101 3600 2 3 -1 1 1 3 1,10, 2026-05-07 18:06:08, 4117.865924, -1.000000, 0.004671, False, 4, 6, 83.534472, 254.385586 
20170608T121747991951, 101, 3600.000000, 2, mFSTSP No-Gurobi Heuristic, 3, -1, True, True, 3, 1, main.py 20170608T121747991951 101 3600 2 3 -1 1 1 3 1,10, 2026-05-07 18:06:08, 4508.909210, -1.000000, 0.006925, False, 7, 3, 182.457553, 1841.713521 
20170608T121807019623, 101, 3600.000000, 2, mFSTSP No-Gurobi Heuristic, 3, -1, True, True, 3, 1, main.py 20170608T121807019623 101 3600 2 3 -1 1 1 3 1,10, 2026-05-07 18:06:08, 4349.222854, -1.000000, 0.005977, False, 3, 7, 332.553890, 121.392528 
20170608T121825920767, 101, 3600.000000, 2, mFSTSP No-Gurobi Heuristic, 3, -1, True, True, 3, 1, main.py 20170608T121825920767 101 3600 2 3 -1 1 1 3 1,10, 2026-05-07 18:06:08, 4694.547925, -1.000000, 0.006117, False, 1, 9, 0.000000, 290.857633 
20170608T121844810174, 101, 3600.000000, 2, mFSTSP No-Gurobi Heuristic, 3, -1, True, True, 3, 1, main.py 20170608T121844810174 101 3600 2 3 -1 1 1 3 1,10, 2026-05-07 18:06:09, 3102.550966, -1.000000, 0.006851, False, 3, 7, 324.180097, 0.000000 
20170608T121903600571, 101, 3600.000000, 2, mFSTSP No-Gurobi Heuristic, 3, -1, True, True, 3, 1, main.py 20170608T121903600571 101 3600 2 3 -1 1 1 3 1,10, 2026-05-07 18:06:09, 4541.549540, -1.000000, 0.005105, False, 5, 5, 47.156157, 568.323538 
20170608T121925358737, 101, 3600.000000, 2, mFSTSP No-Gurobi Heuristic, 3, -1, True, True, 3, 1, main.py 20170608T121925358737 101 3600 2 3 -1 1 1 3 1,10, 2026-05-07 18:06:09, 4619.103447, -1.000000, 0.007061, False, 6, 4, 0.000000, 1278.775994 
20170608T122024823843, 101, 3600.000000, 2, mFSTSP No-Gurobi Heuristic, 3, -1, True, True, 3, 1, main.py 20170608T122024823843 101 3600 2 3 -1 1 1 3 1,10, 2026-05-07 18:06:09, 1391.668164, -1.000000, 0.005093, False, 6, 4, 48.016001, 423.084597 
20170608T122029847985, 101, 3600.000000, 2, mFSTSP No-Gurobi Heuristic, 3, -1, True, True, 3, 1, main.py 20170608T122029847985 101 3600 2 3 -1 1 1 3 1,10, 2026-05-07 18:06:09, 1396.795927, -1.000000, 0.004817, False, 4, 6, 0.000000, 248.908025 
20170608T122034665363, 101, 3600.000000, 2, mFSTSP No-Gurobi Heuristic, 3, -1, True, True, 3, 1, main.py 20170608T122034665363 101 3600 2 3 -1 1 1 3 1,10, 2026-05-07 18:06:09, 1654.923366, -1.000000, 0.004689, False, 3, 7, 84.494009, 7.920222 
20170608T122043762852, 101, 3600.000000, 2, mFSTSP No-Gurobi Heuristic, 3, -1, True, True, 3, 1, main.py 20170608T122043762852 101 3600 2 3 -1 1 1 3 1,10, 2026-05-07 18:06:09, 1296.413501, -1.000000, 0.004681, False, 0, 10, 0.000000, 0.000000 
20170608T122048564577, 101, 3600.000000, 2, mFSTSP No-Gurobi Heuristic, 3, -1, True, True, 3, 1, main.py 20170608T122048564577 101 3600 2 3 -1 1 1 3 1,10, 2026-05-07 18:06:09, 1474.020569, -1.000000, 0.005230, False, 3, 7, 0.567674, 103.292407 
20170608T122053358160, 101, 3600.000000, 2, mFSTSP No-Gurobi Heuristic, 3, -1, True, True, 3, 1, main.py 20170608T122053358160 101 3600 2 3 -1 1 1 3 1,10, 2026-05-07 18:06:09, 1730.518317, -1.000000, 0.005379, False, 3, 7, 55.306214, 0.000000 
20170608T122058404415, 101, 3600.000000, 2, mFSTSP No-Gurobi Heuristic, 3, -1, True, True, 3, 1, main.py 20170608T122058404415 101 3600 2 3 -1 1 1 3 1,10, 2026-05-07 18:06:09, 1413.620273, -1.000000, 0.004561, False, 4, 6, 14.882839, 92.897219 
20170608T122103536027, 101, 3600.000000, 2, mFSTSP No-Gurobi Heuristic, 3, -1, True, True, 3, 1, main.py 20170608T122103536027 101 3600 2 3 -1 1 1 3 1,10, 2026-05-07 18:06:09, 1560.867915, -1.000000, 0.005319, False, 0, 10, 0.000000, 0.000000 
20170608T122108589505, 101, 3600.000000, 2, mFSTSP No-Gurobi Heuristic, 3, -1, True, True, 3, 1, main.py 20170608T122108589505 101 3600 2 3 -1 1 1 3 1,10, 2026-05-07 18:06:09, 1601.850049, -1.000000, 0.004606, False, 5, 5, 29.038478, 94.843438 
20170608T131310834813, 101, 3600.000000, 2, mFSTSP No-Gurobi Heuristic, 3, -1, True, True, 3, 1, main.py 20170608T131310834813 101 3600 2 3 -1 1 1 3 1,10, 2026-05-07 18:06:09, 1299.022944, -1.000000, 0.005021, False, 6, 4, 17.677716, 315.160480 
20170606T113038113409, 101, 3600.000000, 2, mFSTSP No-Gurobi Heuristic, 3, -1, True, True, 3, 1, main.py 20170606T113038113409 101 3600 2 3 -1 1 1 3 1,25, 2026-05-07 18:06:09, 7044.409761, -1.000000, 0.074538, False, 18, 7, 422.550770, 2032.993512 
20170606T113251786976, 101, 3600.000000, 2, mFSTSP No-Gurobi Heuristic, 3, -1, True, True, 3, 1, main.py 20170606T113251786976 101 3600 2 3 -1 1 1 3 1,25, 2026-05-07 18:06:09, 10075.616371, -1.000000, 0.118897, False, 14, 11, 250.867201, 1738.781696 
20170606T113339368121, 101, 3600.000000, 2, mFSTSP No-Gurobi Heuristic, 3, -1, True, True, 3, 1, main.py 20170606T113339368121 101 3600 2 3 -1 1 1 3 1,25, 2026-05-07 18:06:09, 7959.476353, -1.000000, 0.133381, False, 10, 15, 322.555315, 1664.210526 
20170606T113427164164, 101, 3600.000000, 2, mFSTSP No-Gurobi Heuristic, 3, -1, True, True, 3, 1, main.py 20170606T113427164164 101 3600 2 3 -1 1 1 3 1,25, 2026-05-07 18:06:10, 7661.503759, -1.000000, 0.130484, False, 12, 13, 141.916798, 4150.186921 
20170606T113515209066, 101, 3600.000000, 2, mFSTSP No-Gurobi Heuristic, 3, -1, True, True, 3, 1, main.py 20170606T113515209066 101 3600 2 3 -1 1 1 3 1,25, 2026-05-07 18:06:10, 8584.297083, -1.000000, 0.125861, False, 9, 16, 114.537674, 504.333333 
20170606T113603010160, 101, 3600.000000, 2, mFSTSP No-Gurobi Heuristic, 3, -1, True, True, 3, 1, main.py 20170606T113603010160 101 3600 2 3 -1 1 1 3 1,25, 2026-05-07 18:06:10, 9873.860336, -1.000000, 0.160017, False, 7, 18, 211.987300, 391.361802 
20170606T113651352937, 101, 3600.000000, 2, mFSTSP No-Gurobi Heuristic, 3, -1, True, True, 3, 1, main.py 20170606T113651352937 101 3600 2 3 -1 1 1 3 1,25, 2026-05-07 18:06:10, 8436.179693, -1.000000, 0.088363, False, 9, 16, 142.524205, 1147.641178 
20170606T123216270309, 101, 3600.000000, 2, mFSTSP No-Gurobi Heuristic, 3, -1, True, True, 3, 1, main.py 20170606T123216270309 101 3600 2 3 -1 1 1 3 1,25, 2026-05-07 18:06:10, 5768.141259, -1.000000, 0.080211, False, 16, 9, 634.302261, 2235.726196 
20170606T123231190878, 101, 3600.000000, 2, mFSTSP No-Gurobi Heuristic, 3, -1, True, True, 3, 1, main.py 20170606T123231190878 101 3600 2 3 -1 1 1 3 1,25, 2026-05-07 18:06:10, 5100.808554, -1.000000, 0.094610, False, 15, 10, 857.942348, 762.347828 
20170606T123246328134, 101, 3600.000000, 2, mFSTSP No-Gurobi Heuristic, 3, -1, True, True, 3, 1, main.py 20170606T123246328134 101 3600 2 3 -1 1 1 3 1,25, 2026-05-07 18:06:10, 5800.749518, -1.000000, 0.084356, False, 10, 15, 189.599956, 354.609174 
20170606T123301396863, 101, 3600.000000, 2, mFSTSP No-Gurobi Heuristic, 3, -1, True, True, 3, 1, main.py 20170606T123301396863 101 3600 2 3 -1 1 1 3 1,25, 2026-05-07 18:06:11, 5247.654167, -1.000000, 0.089516, False, 15, 10, 286.796993, 1495.055221 
20170606T123316638608, 101, 3600.000000, 2, mFSTSP No-Gurobi Heuristic, 3, -1, True, True, 3, 1, main.py 20170606T123316638608 101 3600 2 3 -1 1 1 3 1,25, 2026-05-07 18:06:11, 5779.705448, -1.000000, 0.087482, False, 16, 9, 89.775635, 981.583088 
20170606T123331779163, 101, 3600.000000, 2, mFSTSP No-Gurobi Heuristic, 3, -1, True, True, 3, 1, main.py 20170606T123331779163 101 3600 2 3 -1 1 1 3 1,25, 2026-05-07 18:06:11, 6324.276453, -1.000000, 0.096099, False, 16, 9, 32.741287, 1623.351155 
20170606T123346836976, 101, 3600.000000, 2, mFSTSP No-Gurobi Heuristic, 3, -1, True, True, 3, 1, main.py 20170606T123346836976 101 3600 2 3 -1 1 1 3 1,25, 2026-05-07 18:06:11, 6174.905184, -1.000000, 0.089041, False, 10, 15, 36.122614, 1000.712450 
20170606T123411109972, 101, 3600.000000, 2, mFSTSP No-Gurobi Heuristic, 3, -1, True, True, 3, 1, main.py 20170606T123411109972 101 3600 2 3 -1 1 1 3 1,25, 2026-05-07 18:06:11, 5556.915244, -1.000000, 0.097816, False, 13, 12, 43.844627, 727.552494 
20170606T123426160449, 101, 3600.000000, 2, mFSTSP No-Gurobi Heuristic, 3, -1, True, True, 3, 1, main.py 20170606T123426160449 101 3600 2 3 -1 1 1 3 1,25, 2026-05-07 18:06:11, 6038.882245, -1.000000, 0.090015, False, 15, 10, 742.837709, 870.701607 
20170606T181516057642, 101, 3600.000000, 2, mFSTSP No-Gurobi Heuristic, 3, -1, True, True, 3, 1, main.py 20170606T181516057642 101 3600 2 3 -1 1 1 3 1,25, 2026-05-07 18:06:11, 8393.776072, -1.000000, 0.109110, False, 16, 9, 464.716714, 1692.095090 
20170606T181644949435, 101, 3600.000000, 2, mFSTSP No-Gurobi Heuristic, 3, -1, True, True, 3, 1, main.py 20170606T181644949435 101 3600 2 3 -1 1 1 3 1,25, 2026-05-07 18:06:12, 8864.471330, -1.000000, 0.125719, False, 14, 11, 56.786579, 2327.300797 
20170606T183158840946, 101, 3600.000000, 2, mFSTSP No-Gurobi Heuristic, 3, -1, True, True, 3, 1, main.py 20170606T183158840946 101 3600 2 3 -1 1 1 3 1,25, 2026-05-07 18:06:12, 5738.480964, -1.000000, 0.090701, False, 17, 8, 181.968503, 2848.359014 
20170607T111048231225, 101, 3600.000000, 2, mFSTSP No-Gurobi Heuristic, 3, -1, True, True, 3, 1, main.py 20170607T111048231225 101 3600 2 3 -1 1 1 3 1,25, 2026-05-07 18:06:12, 8371.922328, -1.000000, 0.102680, False, 12, 13, 633.070898, 825.413678 
20170606T114000833192, 101, 3600.000000, 2, mFSTSP No-Gurobi Heuristic, 3, -1, True, True, 3, 1, main.py 20170606T114000833192 101 3600 2 3 -1 1 1 3 1,50, 2026-05-07 18:06:12, 13037.160587, -1.000000, 2.520946, False, 26, 24, 377.798689, 2794.366409 
20170606T114145593946, 101, 3600.000000, 2, mFSTSP No-Gurobi Heuristic, 3, -1, True, True, 3, 1, main.py 20170606T114145593946 101 3600 2 3 -1 1 1 3 1,50, 2026-05-07 18:06:15, 12957.707476, -1.000000, 2.577352, False, 23, 27, 292.162340, 1244.087578 
20170606T114330252507, 101, 3600.000000, 2, mFSTSP No-Gurobi Heuristic, 3, -1, True, True, 3, 1, main.py 20170606T114330252507 101 3600 2 3 -1 1 1 3 1,50, 2026-05-07 18:06:17, 13049.543602, -1.000000, 2.805046, False, 27, 23, 1071.134852, 1987.949158 
20170606T114511221132, 101, 3600.000000, 2, mFSTSP No-Gurobi Heuristic, 3, -1, True, True, 3, 1, main.py 20170606T114511221132 101 3600 2 3 -1 1 1 3 1,50, 2026-05-07 18:06:20, 11879.997100, -1.000000, 2.297588, False, 32, 18, 408.329214, 2702.091136 
20170606T114654882472, 101, 3600.000000, 2, mFSTSP No-Gurobi Heuristic, 3, -1, True, True, 3, 1, main.py 20170606T114654882472 101 3600 2 3 -1 1 1 3 1,50, 2026-05-07 18:06:22, 14003.369121, -1.000000, 2.709548, False, 21, 29, 179.276987, 1718.039808 
20170606T114840930461, 101, 3600.000000, 2, mFSTSP No-Gurobi Heuristic, 3, -1, True, True, 3, 1, main.py 20170606T114840930461 101 3600 2 3 -1 1 1 3 1,50, 2026-05-07 18:06:25, 13469.611729, -1.000000, 2.361621, False, 28, 22, 522.652239, 1753.926765 
20170606T115303341654, 101, 3600.000000, 2, mFSTSP No-Gurobi Heuristic, 3, -1, True, True, 3, 1, main.py 20170606T115303341654 101 3600 2 3 -1 1 1 3 1,50, 2026-05-07 18:06:27, 12684.807584, -1.000000, 3.829752, False, 28, 22, 222.254367, 1539.337189 
20170606T123441157583, 101, 3600.000000, 2, mFSTSP No-Gurobi Heuristic, 3, -1, True, True, 3, 1, main.py 20170606T123441157583 101 3600 2 3 -1 1 1 3 1,50, 2026-05-07 18:06:31, 9838.288489, -1.000000, 1.607525, False, 32, 18, 897.786655, 2368.297375 
20170606T123513473544, 101, 3600.000000, 2, mFSTSP No-Gurobi Heuristic, 3, -1, True, True, 3, 1, main.py 20170606T123513473544 101 3600 2 3 -1 1 1 3 1,50, 2026-05-07 18:06:33, 9084.232993, -1.000000, 1.986925, False, 31, 19, 447.244231, 1992.767319 
20170606T123545699742, 101, 3600.000000, 2, mFSTSP No-Gurobi Heuristic, 3, -1, True, True, 3, 1, main.py 20170606T123545699742 101 3600 2 3 -1 1 1 3 1,50, 2026-05-07 18:06:35, 9335.850649, -1.000000, 2.252694, False, 34, 16, 644.731379, 3642.322256 
20170606T123621314894, 101, 3600.000000, 2, mFSTSP No-Gurobi Heuristic, 3, -1, True, True, 3, 1, main.py 20170606T123621314894 101 3600 2 3 -1 1 1 3 1,50, 2026-05-07 18:06:37, 9196.469053, -1.000000, 2.991233, False, 34, 16, 790.640632, 1693.779744 
20170606T123654604464, 101, 3600.000000, 2, mFSTSP No-Gurobi Heuristic, 3, -1, True, True, 3, 1, main.py 20170606T123654604464 101 3600 2 3 -1 1 1 3 1,50, 2026-05-07 18:06:40, 9373.440479, -1.000000, 1.802821, False, 21, 29, 540.888428, 916.462329 
20170606T123727622253, 101, 3600.000000, 2, mFSTSP No-Gurobi Heuristic, 3, -1, True, True, 3, 1, main.py 20170606T123727622253 101 3600 2 3 -1 1 1 3 1,50, 2026-05-07 18:06:42, 9457.227605, -1.000000, 2.646048, False, 24, 26, 508.122323, 1321.843375 
20170606T123800566693, 101, 3600.000000, 2, mFSTSP No-Gurobi Heuristic, 3, -1, True, True, 3, 1, main.py 20170606T123800566693 101 3600 2 3 -1 1 1 3 1,50, 2026-05-07 18:06:45, 8967.862630, -1.000000, 1.894108, False, 32, 18, 409.295859, 2099.867856 
20170606T123921635977, 101, 3600.000000, 2, mFSTSP No-Gurobi Heuristic, 3, -1, True, True, 3, 1, main.py 20170606T123921635977 101 3600 2 3 -1 1 1 3 1,50, 2026-05-07 18:06:47, 9591.245863, -1.000000, 2.506239, False, 16, 34, 249.917345, 1438.684102 
20170606T181732755419, 101, 3600.000000, 2, mFSTSP No-Gurobi Heuristic, 3, -1, True, True, 3, 1, main.py 20170606T181732755419 101 3600 2 3 -1 1 1 3 1,50, 2026-05-07 18:06:49, 11360.793263, -1.000000, 1.616977, False, 27, 23, 132.562086, 1884.334651 
20170606T181907372750, 101, 3600.000000, 2, mFSTSP No-Gurobi Heuristic, 3, -1, True, True, 3, 1, main.py 20170606T181907372750 101 3600 2 3 -1 1 1 3 1,50, 2026-05-07 18:06:51, 13195.961206, -1.000000, 2.420122, False, 26, 24, 102.607707, 1719.958773 
20170606T182048138619, 101, 3600.000000, 2, mFSTSP No-Gurobi Heuristic, 3, -1, True, True, 3, 1, main.py 20170606T182048138619 101 3600 2 3 -1 1 1 3 1,50, 2026-05-07 18:06:53, 11480.897271, -1.000000, 3.722729, False, 28, 22, 350.342042, 2193.626605 
20170606T183214059726, 101, 3600.000000, 2, mFSTSP No-Gurobi Heuristic, 3, -1, True, True, 3, 1, main.py 20170606T183214059726 101 3600 2 3 -1 1 1 3 1,50, 2026-05-07 18:06:57, 9265.970656, -1.000000, 2.150600, False, 33, 17, 350.457814, 2312.921765 
20170607T112639731371, 101, 3600.000000, 2, mFSTSP No-Gurobi Heuristic, 3, -1, True, True, 3, 1, main.py 20170607T112639731371 101 3600 2 3 -1 1 1 3 1,50, 2026-05-07 18:06:59, 9072.463700, -1.000000, 2.095186, False, 31, 19, 679.559539, 1683.964004 
20170606T115437348436, 101, 3600.000000, 2, mFSTSP No-Gurobi Heuristic, 3, -1, True, True, 3, 1, main.py 20170606T115437348436 101 3600 2 3 -1 1 1 3 1,100, 2026-05-07 18:07:02, 18206.297463, -1.000000, 55.357065, False, 61, 39, 755.915994, 4244.660030 
20170606T115823934453, 101, 3600.000000, 2, mFSTSP No-Gurobi Heuristic, 3, -1, True, True, 3, 1, main.py 20170606T115823934453 101 3600 2 3 -1 1 1 3 1,100, 2026-05-07 18:07:57, 20195.908686, -1.000000, 66.768462, False, 67, 33, 994.154048, 5615.887564 
20170606T120227545709, 101, 3600.000000, 2, mFSTSP No-Gurobi Heuristic, 3, -1, True, True, 3, 1, main.py 20170606T120227545709 101 3600 2 3 -1 1 1 3 1,100, 2026-05-07 18:09:04, 19756.127549, -1.000000, 71.169983, False, 51, 49, 2870.415277, 2357.624028 
20170606T121241353494, 101, 3600.000000, 2, mFSTSP No-Gurobi Heuristic, 3, -1, True, True, 3, 1, main.py 20170606T121241353494 101 3600 2 3 -1 1 1 3 1,100, 2026-05-07 18:10:15, 19911.937500, -1.000000, 53.448387, False, 43, 57, 495.631681, 2990.145750 
20170606T121632081849, 101, 3600.000000, 2, mFSTSP No-Gurobi Heuristic, 3, -1, True, True, 3, 1, main.py 20170606T121632081849 101 3600 2 3 -1 1 1 3 1,100, 2026-05-07 18:11:08, 18882.769837, -1.000000, 54.307374, False, 64, 36, 399.967668, 4663.701369 
20170606T122019874088, 101, 3600.000000, 2, mFSTSP No-Gurobi Heuristic, 3, -1, True, True, 3, 1, main.py 20170606T122019874088 101 3600 2 3 -1 1 1 3 1,100, 2026-05-07 18:12:03, 20298.978012, -1.000000, 61.245818, False, 56, 44, 1233.702543, 5420.424500 
20170606T122653532986, 101, 3600.000000, 2, mFSTSP No-Gurobi Heuristic, 3, -1, True, True, 3, 1, main.py 20170606T122653532986 101 3600 2 3 -1 1 1 3 1,100, 2026-05-07 18:13:04, 20601.741493, -1.000000, 56.125358, False, 57, 43, 834.688421, 4542.577975 
20170606T123954019627, 101, 3600.000000, 2, mFSTSP No-Gurobi Heuristic, 3, -1, True, True, 3, 1, main.py 20170606T123954019627 101 3600 2 3 -1 1 1 3 1,100, 2026-05-07 18:14:00, 14986.329059, -1.000000, 47.200610, False, 40, 60, 980.777474, 1972.705819 
20170606T124325384128, 101, 3600.000000, 2, mFSTSP No-Gurobi Heuristic, 3, -1, True, True, 3, 1, main.py 20170606T124325384128 101 3600 2 3 -1 1 1 3 1,100, 2026-05-07 18:14:48, 15294.316435, -1.000000, 59.611074, False, 40, 60, 459.344248, 2509.717933 
20170606T124502755142, 101, 3600.000000, 2, mFSTSP No-Gurobi Heuristic, 3, -1, True, True, 3, 1, main.py 20170606T124502755142 101 3600 2 3 -1 1 1 3 1,100, 2026-05-07 18:15:47, 15698.697154, -1.000000, 45.650517, False, 63, 37, 1261.161481, 4226.125431 
20170606T124638691350, 101, 3600.000000, 2, mFSTSP No-Gurobi Heuristic, 3, -1, True, True, 3, 1, main.py 20170606T124638691350 101 3600 2 3 -1 1 1 3 1,100, 2026-05-07 18:16:33, 15725.524135, -1.000000, 60.584526, False, 53, 47, 416.174899, 3819.812373 
20170606T124852600104, 101, 3600.000000, 2, mFSTSP No-Gurobi Heuristic, 3, -1, True, True, 3, 1, main.py 20170606T124852600104 101 3600 2 3 -1 1 1 3 1,100, 2026-05-07 18:17:34, 16627.306981, -1.000000, 46.779504, False, 30, 70, 1375.233844, 1191.062137 
20170606T125025587321, 101, 3600.000000, 2, mFSTSP No-Gurobi Heuristic, 3, -1, True, True, 3, 1, main.py 20170606T125025587321 101 3600 2 3 -1 1 1 3 1,100, 2026-05-07 18:18:20, 16183.480852, -1.000000, 37.951907, False, 63, 37, 1070.977869, 4364.914963 
20170606T131220449002, 101, 3600.000000, 2, mFSTSP No-Gurobi Heuristic, 3, -1, True, True, 3, 1, main.py 20170606T131220449002 101 3600 2 3 -1 1 1 3 1,100, 2026-05-07 18:18:58, 16539.238572, -1.000000, 52.351410, False, 53, 47, 1528.111623, 2891.942656 
20170606T182511986726, 101, 3600.000000, 2, mFSTSP No-Gurobi Heuristic, 3, -1, True, True, 3, 1, main.py 20170606T182511986726 101 3600 2 3 -1 1 1 3 1,100, 2026-05-07 18:19:51, 19564.982922, -1.000000, 48.948412, False, 58, 42, 1023.179458, 4176.738049 
20170606T183304945538, 101, 3600.000000, 2, mFSTSP No-Gurobi Heuristic, 3, -1, True, True, 3, 1, main.py 20170606T183304945538 101 3600 2 3 -1 1 1 3 1,100, 2026-05-07 18:20:40, 15951.089001, -1.000000, 44.151952, False, 46, 54, 492.602810, 3198.286804 
20170606T183517897245, 101, 3600.000000, 2, mFSTSP No-Gurobi Heuristic, 3, -1, True, True, 3, 1, main.py 20170606T183517897245 101 3600 2 3 -1 1 1 3 1,100, 2026-05-07 18:21:24, 16287.391408, -1.000000, 52.380495, False, 40, 60, 245.190801, 3020.057808 
20170607T111421374488, 101, 3600.000000, 2, mFSTSP No-Gurobi Heuristic, 3, -1, True, True, 3, 1, main.py 20170607T111421374488 101 3600 2 3 -1 1 1 3 1,100, 2026-05-07 18:22:16, 19745.786305, -1.000000, 63.395736, False, 64, 36, 967.651596, 4609.537470 
20170607T111828707735, 101, 3600.000000, 2, mFSTSP No-Gurobi Heuristic, 3, -1, True, True, 3, 1, main.py 20170607T111828707735 101 3600 2 3 -1 1 1 3 1,100, 2026-05-07 18:23:20, 16272.622825, -1.000000, 46.323311, False, 36, 64, 486.116211, 2300.729454 
20170607T112250854254, 101, 3600.000000, 2, mFSTSP No-Gurobi Heuristic, 3, -1, True, True, 3, 1, main.py 20170607T112250854254 101 3600 2 3 -1 1 1 3 1,100, 2026-05-07 18:24:06, 19587.050780, -1.000000, 37.705208, False, 65, 35, 1411.092334, 7482.582609 
