problemName,numCustomers,vehicleFileID_our,cutoffTime_our,problemType_our,problemTypeString_our,numUAVs_our,numTrucks_our,requireTruckAtDepot_our,requireDriver_our,Etype_our,ITER_our,runString_our,timestamp_our,ofv_our,bestBound_our,totalTime_our,isOptimal_our,numUAVcust_our,numTruckCust_our,waitingTruck_our,waitingUAV_our,vehicleFileID_their,cutoffTime_their,problemType_their,problemTypeString_their,numUAVs_their,numTrucks_their,requireTruckAtDepot_their,requireDriver_their,Etype_their,ITER_their,runString_their,timestamp_their,ofv_their,bestBound_their,totalTime_their,isOptimal_their,numUAVcust_their,numTruckCust_their,waitingTruck_their,waitingUAV_their,totalTime_diff_our_minus_their,totalTime_diff_their_minus_our,totalTime_our_improvement_percent,ofv_diff_our_minus_their,ofv_diff_their_minus_our,ofv_our_improvement_percent,waitingTruck_diff_our_minus_their,waitingTruck_diff_their_minus_our,waitingTruck_our_improvement_percent,waitingUAV_diff_our_minus_their,waitingUAV_diff_their_minus_our,waitingUAV_our_improvement_percent,numUAVcust_diff_our_minus_their,numUAVcust_diff_their_minus_our,numUAVcust_our_advantage_percent,numTruckCust_diff_our_minus_their,numTruckCust_diff_their_minus_our,numTruckCust_our_improvement_percent,totalTime_winner,ofv_winner,waitingTruck_winner,waitingUAV_winner,numUAVcust_winner,numTruckCust_winner,our_metric_wins,their_metric_wins,metric_ties
20170608T121355407419,8,101,3600.0,2, mFSTSP No-Gurobi Heuristic,3,-1,1,1,3,1, main.py 20170608T121355407419 101 3600 2 3 -1 1 1 3 1, 2026-05-12 17:23:23,1814.242974,-1.0,0.002543,0,7,1,0.0,664.92076,104,5,2, mFSTSP Heuristic,4,-1,1,1,1,1, main.py 20170608T121355407419 104 5 2 4 -1 1 1 1 1, 2019-07-03 10:12:33,2612.223287,-1.0,0.212975,0,5,3,420.0,1442.774689,-0.210432,0.210432,98.80596314121377,-797.9803129999998,797.9803129999998,30.547936578439966,-420.0,420.0,100.0,-777.8539290000001,777.8539290000001,53.91374931446416,2,-2,40.0,-2,2,66.66666666666666,our,our,our,our,our,our,6,0,0
20170608T121411132375,8,101,3600.0,2, mFSTSP No-Gurobi Heuristic,3,-1,1,1,3,1, main.py 20170608T121411132375 101 3600 2 3 -1 1 1 3 1, 2026-05-12 17:23:23,1647.467639,-1.0,0.00201,0,6,2,107.964718,139.461622,102,5,2, mFSTSP Heuristic,4,-1,1,1,1,1, main.py 20170608T121411132375 102 5 2 4 -1 1 1 1 1, 2019-07-03 10:12:37,2731.283756,-1.0,0.122831,0,5,3,420.0,1035.967769,-0.120821,0.120821,98.36360527879769,-1083.8161169999998,1083.8161169999998,39.681564195558444,-312.035282,312.035282,74.29411476190477,-896.506147,896.506147,86.53803465964779,1,-1,20.0,-1,1,33.33333333333333,our,our,our,our,our,our,6,0,0
20170608T121426910678,8,101,3600.0,2, mFSTSP No-Gurobi Heuristic,3,-1,1,1,3,1, main.py 20170608T121426910678 101 3600 2 3 -1 1 1 3 1, 2026-05-12 17:23:23,2184.455375,-1.0,0.002149,0,6,2,0.0,713.496761,102,5,2, mFSTSP Heuristic,2,-1,1,1,1,1, main.py 20170608T121426910678 102 5 2 2 -1 1 1 1 1, 2019-07-03 10:12:50,2724.455375,-1.0,0.053536,0,6,2,480.0,2562.427159,-0.051387,0.051387,95.98587866108787,-540.0,540.0,19.82047512890535,-480.0,480.0,100.0,-1848.930398,1848.930398,72.15543245809003,0,0,0.0,0,0,0.0,our,our,our,our,tie,tie,4,0,2
20170608T121442695307,8,101,3600.0,2, mFSTSP No-Gurobi Heuristic,3,-1,1,1,3,1, main.py 20170608T121442695307 101 3600 2 3 -1 1 1 3 1, 2026-05-12 17:23:23,1279.751767,-1.0,0.002491,0,7,1,0.0,371.24266,102,5,2, mFSTSP Heuristic,4,-1,1,1,1,1, main.py 20170608T121442695307 102 5 2 4 -1 1 1 1 1, 2019-07-03 10:12:59,1909.751767,-1.0,0.110303,0,7,1,540.0,3064.090947,-0.10781199999999999,0.10781199999999999,97.74167520375691,-630.0,630.0,32.98858055199799,-540.0,540.0,100.0,-2692.8482870000003,2692.8482870000003,87.88408482576284,0,0,0.0,0,0,0.0,our,our,our,our,tie,tie,4,0,2
20170608T121458174165,8,101,3600.0,2, mFSTSP No-Gurobi Heuristic,3,-1,1,1,3,1, main.py 20170608T121458174165 101 3600 2 3 -1 1 1 3 1, 2026-05-12 17:46:16,4576.025505,-1.0,20.088532,0,4,4,0.0,997.958653,104,5,2, mFSTSP Heuristic,4,-1,1,1,1,1, main.py 20170608T121458174165 104 5 2 4 -1 1 1 1 1, 2019-07-03 10:13:09,3518.420081,-1.0,0.150319,0,5,3,1325.789086,5186.016371,19.938213,-19.938213,-13263.93403362183,1057.6054239999994,-1057.6054239999994,-30.05910038176591,-1325.789086,1325.789086,100.0,-4188.057718,4188.057718,80.75673924632122,-1,1,-20.0,1,-1,-33.33333333333333,their,their,our,our,their,their,2,4,0
20170608T121529379067,8,101,3600.0,2, mFSTSP No-Gurobi Heuristic,3,-1,1,1,3,1, main.py 20170608T121529379067 101 3600 2 3 -1 1 1 3 1, 2026-05-12 17:23:23,3106.076492,-1.0,0.002145,0,6,2,0.0,678.019583,102,5,2, mFSTSP Heuristic,2,-1,1,1,1,1, main.py 20170608T121529379067 102 5 2 2 -1 1 1 1 1, 2019-07-03 10:13:11,3602.899092,-1.0,0.075841,0,3,5,240.0,1550.224463,-0.07369600000000001,0.07369600000000001,97.17171450798382,-496.82259999999997,496.82259999999997,13.789523028917513,-240.0,240.0,100.0,-872.20488,872.20488,56.26313484384745,3,-3,100.0,-3,3,60.0,our,our,our,our,our,our,6,0,0
20170608T121545140439,8,101,3600.0,2, mFSTSP No-Gurobi Heuristic,3,-1,1,1,3,1, main.py 20170608T121545140439 101 3600 2 3 -1 1 1 3 1, 2026-05-07 18:06:08,4197.586291,-1.0,0.003232,0,2,6,190.17476,127.070505,104,5,2, mFSTSP Heuristic,4,-1,1,1,1,1, main.py 20170608T121545140439 104 5 2 4 -1 1 1 1 1, 2019-07-03 10:13:22,3707.41601,-1.0,0.181297,0,6,2,420.0,2567.222504,-0.178065,0.178065,98.21728986138766,490.1702809999997,-490.1702809999997,-13.221345532248478,-229.82524,229.82524,54.72029523809524,-2440.1519989999997,2440.1519989999997,95.0502730167716,-4,4,-66.66666666666666,4,-4,-200.0,our,their,our,our,their,their,3,3,0
20170608T121601152699,8,101,3600.0,2, mFSTSP No-Gurobi Heuristic,3,-1,1,1,3,1, main.py 20170608T121601152699 101 3600 2 3 -1 1 1 3 1, 2026-05-12 17:23:23,2774.901229,-1.0,0.002051,0,6,2,0.0,932.42371,102,5,2, mFSTSP Heuristic,2,-1,1,1,1,1, main.py 20170608T121601152699 102 5 2 2 -1 1 1 1 1, 2019-07-03 10:13:24,3225.33907,-1.0,0.04197,0,6,2,480.0,3044.096588,-0.039919,0.039919,95.11317607815106,-450.43784099999993,450.43784099999993,13.965596522538634,-480.0,480.0,100.0,-2111.672878,2111.672878,69.36944400267498,0,0,0.0,0,0,0.0,our,our,our,our,tie,tie,4,0,2
20170608T121616676866,8,101,3600.0,2, mFSTSP No-Gurobi Heuristic,3,-1,1,1,3,1, main.py 20170608T121616676866 101 3600 2 3 -1 1 1 3 1, 2026-05-12 17:23:23,2923.960216,-1.0,0.002268,0,5,3,0.0,810.842849,102,5,2, mFSTSP Heuristic,3,-1,1,1,1,1, main.py 20170608T121616676866 102 5 2 3 -1 1 1 1 1, 2019-07-03 10:13:32,3201.725593,-1.0,0.078765,0,6,2,450.0,2247.884716,-0.076497,0.076497,97.12054846695867,-277.76537700000017,277.76537700000017,8.67548979235711,-450.0,450.0,100.0,-1437.041867,1437.041867,63.92862840213377,-1,1,-16.666666666666664,1,-1,-50.0,our,our,our,our,their,their,4,2,0
20170608T121944818056,8,101,3600.0,2, mFSTSP No-Gurobi Heuristic,3,-1,1,1,3,1, main.py 20170608T121944818056 101 3600 2 3 -1 1 1 3 1, 2026-05-12 17:23:23,655.809033,-1.0,0.002151,0,6,2,168.591795,0.0,101,5,2, mFSTSP Heuristic,3,-1,1,1,1,1, main.py 20170608T121944818056 101 5 2 3 -1 1 1 1 1, 2019-07-03 10:13:38,993.152066,-1.0,0.068925,0,4,4,270.0,341.674231,-0.066774,0.066774,96.87921653971708,-337.343033,337.343033,33.96690643344037,-101.40820500000001,101.40820500000001,37.55859444444445,-341.674231,341.674231,100.0,2,-2,50.0,-2,2,50.0,our,our,our,our,our,our,6,0,0
20170608T121949065533,8,101,3600.0,2, mFSTSP No-Gurobi Heuristic,3,-1,1,1,3,1, main.py 20170608T121949065533 101 3600 2 3 -1 1 1 3 1, 2026-05-12 17:23:24,392.589714,-1.0,0.002161,0,7,1,194.82934,0.0,101,5,2, mFSTSP Heuristic,4,-1,1,1,1,1, main.py 20170608T121949065533 101 5 2 4 -1 1 1 1 1, 2019-07-03 10:13:46,827.760374,-1.0,0.155971,0,7,1,510.0,1483.817254,-0.15381,0.15381,98.61448602624847,-435.17065999999994,435.17065999999994,52.57205752639712,-315.17066,315.17066,61.79816862745098,-1483.817254,1483.817254,100.0,0,0,0.0,0,0,0.0,our,our,our,our,tie,tie,4,0,2
20170608T121956644648,8,101,3600.0,2, mFSTSP No-Gurobi Heuristic,3,-1,1,1,3,1, main.py 20170608T121956644648 101 3600 2 3 -1 1 1 3 1, 2026-05-12 17:23:24,591.049187,-1.0,0.002445,0,6,2,14.115955,0.0,101,5,2, mFSTSP Heuristic,2,-1,1,1,1,1, main.py 20170608T121956644648 101 5 2 2 -1 1 1 1 1, 2019-07-03 10:13:53,1111.253938,-1.0,0.097053,0,5,3,390.0,422.82469,-0.094608,0.094608,97.48075793638527,-520.2047510000001,520.2047510000001,46.812410126190265,-375.884045,375.884045,96.38052435897436,-422.82469,422.82469,100.0,1,-1,20.0,-1,1,33.33333333333333,our,our,our,our,our,our,6,0,0
20170608T122000657532,8,101,3600.0,2, mFSTSP No-Gurobi Heuristic,3,-1,1,1,3,1, main.py 20170608T122000657532 101 3600 2 3 -1 1 1 3 1, 2026-05-14 01:31:01,783.514375,-1.0,4.355446,0,5,3,6.08443,1052.04067,101,5,2, mFSTSP Heuristic,3,-1,1,1,1,1, main.py 20170608T122000657532 101 5 2 3 -1 1 1 1 1, 2019-07-03 10:14:01,1164.696902,-1.0,0.065715,0,3,5,270.0,843.593463,4.289731,-4.289731,-6527.780567602526,-381.18252699999994,381.18252699999994,32.728045068673154,-263.91557,263.91557,97.7465074074074,208.44720700000005,-208.44720700000005,-24.70943838975671,2,-2,66.66666666666666,-2,2,40.0,their,our,our,their,our,our,4,2,0
20170608T122004631179,8,101,3600.0,2, mFSTSP No-Gurobi Heuristic,3,-1,1,1,3,1, main.py 20170608T122004631179 101 3600 2 3 -1 1 1 3 1, 2026-05-12 17:23:24,732.006212,-1.0,0.001994,0,5,3,26.6365,0.0,101,5,2, mFSTSP Heuristic,3,-1,1,1,1,1, main.py 20170608T122004631179 101 5 2 3 -1 1 1 1 1, 2019-07-03 10:14:09,1148.451832,-1.0,0.149546,0,5,3,360.0,564.856862,-0.14755200000000002,0.14755200000000002,98.66663100316958,-416.44561999999996,416.44561999999996,36.26147900994423,-333.3635,333.3635,92.60097222222223,-564.856862,564.856862,100.0,0,0,0.0,0,0,0.0,our,our,our,our,tie,tie,4,0,2
20170608T122008595748,8,101,3600.0,2, mFSTSP No-Gurobi Heuristic,3,-1,1,1,3,1, main.py 20170608T122008595748 101 3600 2 3 -1 1 1 3 1, 2026-05-12 17:23:24,1093.112561,-1.0,0.002138,0,6,2,25.518163,135.548051,101,5,2, mFSTSP Heuristic,1,-1,1,1,1,1, main.py 20170608T122008595748 101 5 2 1 -1 1 1 1 1, 2019-07-03 10:14:15,1431.804374,-1.0,0.030248,0,0,8,0.0,0.0,-0.02811,0.02811,92.93176408357577,-338.69181300000014,338.69181300000014,23.654894422050432,25.518163,-25.518163,,135.548051,-135.548051,,6,-6,,-6,6,75.0,our,our,their,their,our,our,4,2,0
20170608T122012790213,8,101,3600.0,2, mFSTSP No-Gurobi Heuristic,3,-1,1,1,3,1, main.py 20170608T122012790213 101 3600 2 3 -1 1 1 3 1, 2026-05-12 17:23:24,832.146669,-1.0,0.001972,0,6,2,0.0,110.22697,101,5,2, mFSTSP Heuristic,2,-1,1,1,1,1, main.py 20170608T122012790213 101 5 2 2 -1 1 1 1 1, 2019-07-03 10:14:21,1196.111185,-1.0,0.131394,0,4,4,360.0,856.341982,-0.129422,0.129422,98.49917043396198,-363.964516,363.964516,30.428986917299,-360.0,360.0,100.0,-746.115012,746.115012,87.1281599738269,2,-2,50.0,-2,2,50.0,our,our,our,our,our,our,6,0,0
20170608T122016762729,8,101,3600.0,2, mFSTSP No-Gurobi Heuristic,3,-1,1,1,3,1, main.py 20170608T122016762729 101 3600 2 3 -1 1 1 3 1, 2026-05-12 17:23:24,1035.72912,-1.0,0.00223,0,5,3,12.251882,107.262167,101,5,2, mFSTSP Heuristic,1,-1,1,1,1,1, main.py 20170608T122016762729 101 5 2 1 -1 1 1 1 1, 2019-07-03 10:14:28,1389.862327,-1.0,0.029819,0,2,6,150.0,165.108356,-0.027589,0.027589,92.5215466648781,-354.1332070000001,354.1332070000001,25.479732785073182,-137.748118,137.748118,91.83207866666667,-57.84618899999998,57.84618899999998,35.03528858345606,3,-3,150.0,-3,3,50.0,our,our,our,our,our,our,6,0,0
20170608T122020812277,8,101,3600.0,2, mFSTSP No-Gurobi Heuristic,3,-1,1,1,3,1, main.py 20170608T122020812277 101 3600 2 3 -1 1 1 3 1, 2026-05-12 17:23:24,926.612515,-1.0,0.002088,0,6,2,0.0,38.736813,101,5,2, mFSTSP Heuristic,1,-1,1,1,1,1, main.py 20170608T122020812277 101 5 2 1 -1 1 1 1 1, 2019-07-03 10:14:34,1393.89999,-1.0,0.027996,0,3,5,240.0,238.343448,-0.025908,0.025908,92.54179168452636,-467.28747499999986,467.28747499999986,33.52374477023993,-240.0,240.0,100.0,-199.60663499999998,199.60663499999998,83.74748149149876,3,-3,100.0,-3,3,60.0,our,our,our,our,our,our,6,0,0
20170608T131251001523,8,101,3600.0,2, mFSTSP No-Gurobi Heuristic,3,-1,1,1,3,1, main.py 20170608T131251001523 101 3600 2 3 -1 1 1 3 1, 2026-05-12 17:23:24,4810.191126,-1.0,0.002706,0,4,4,0.0,1077.689714,104,5,2, mFSTSP Heuristic,3,-1,1,1,1,1, main.py 20170608T131251001523 104 5 2 3 -1 1 1 1 1, 2019-07-03 10:12:47,3411.795119,-1.0,0.106403,0,6,2,1014.582965,1203.26562,-0.103697,0.103697,97.45683862297115,1398.3960069999998,-1398.3960069999998,-40.98710380387293,-1014.582965,1014.582965,100.0,-125.5759059999998,125.5759059999998,10.436258122292218,-2,2,-33.33333333333333,2,-2,-100.0,our,their,our,our,their,their,3,3,0
20170608T131306913055,8,101,3600.0,2, mFSTSP No-Gurobi Heuristic,3,-1,1,1,3,1, main.py 20170608T131306913055 101 3600 2 3 -1 1 1 3 1, 2026-05-12 17:23:24,589.473966,-1.0,0.002331,0,7,1,112.509176,0.0,101,5,2, mFSTSP Heuristic,2,-1,1,1,1,1, main.py 20170608T131306913055 101 5 2 2 -1 1 1 1 1, 2019-07-03 10:14:41,1098.861271,-1.0,0.061477,0,6,2,480.0,579.307962,-0.059146,0.059146,96.20833807765506,-509.38730499999997,509.38730499999997,46.355924850863175,-367.490824,367.490824,76.56058833333333,-579.307962,579.307962,100.0,1,-1,16.666666666666664,-1,1,50.0,our,our,our,our,our,our,6,0,0
20170608T121632668184,10,101,3600.0,2, mFSTSP No-Gurobi Heuristic,3,-1,1,1,3,1, main.py 20170608T121632668184 101 3600 2 3 -1 1 1 3 1, 2026-05-07 18:00:02,3024.179385,-1.0,0.008117,0,7,3,688.112732,506.522963,102,5,2, mFSTSP Heuristic,4,-1,1,1,1,1, main.py 20170608T121632668184 102 5 2 4 -1 1 1 1 1, 2019-06-28 14:40:01,2625.130837,-1.0,0.5462,0,7,3,570.0,2027.216503,-0.538083,0.538083,98.51391431709996,399.04854799999976,-399.04854799999976,-15.201091784668245,118.11273200000005,-118.11273200000005,-20.72153192982457,-1520.6935400000002,1520.6935400000002,75.01386939922718,0,0,0.0,0,0,0.0,our,their,their,our,tie,tie,2,2,2
20170608T121651164057,10,101,3600.0,2, mFSTSP No-Gurobi Heuristic,3,-1,1,1,3,1, main.py 20170608T121651164057 101 3600 2 3 -1 1 1 3 1, 2026-05-12 17:23:24,2493.145686,-1.0,0.002976,0,8,2,0.0,1011.021421,102,5,2, mFSTSP Heuristic,3,-1,1,1,1,1, main.py 20170608T121651164057 102 5 2 3 -1 1 1 1 1, 2019-06-28 14:40:09,3213.145686,-1.0,0.074547,0,8,2,630.0,4204.80015,-0.071571,0.071571,96.00788764135378,-720.0,720.0,22.407947549254075,-630.0,630.0,100.0,-3193.778729,3193.778729,75.95554164447032,0,0,0.0,0,0,0.0,our,our,our,our,tie,tie,4,0,2
20170608T121710107640,10,101,3600.0,2, mFSTSP No-Gurobi Heuristic,3,-1,1,1,3,1, main.py 20170608T121710107640 101 3600 2 3 -1 1 1 3 1, 2026-05-12 17:23:24,3629.13865,-1.0,0.002929,0,7,3,0.0,1321.615886,102,5,2, mFSTSP Heuristic,2,-1,1,1,1,1, main.py 20170608T121710107640 102 5 2 2 -1 1 1 1 1, 2019-06-28 14:40:18,4187.726388,-1.0,0.062926,0,4,6,360.0,1022.786555,-0.059996999999999995,0.059996999999999995,95.34532625623748,-558.5877380000002,558.5877380000002,13.338687541780253,-360.0,360.0,100.0,298.829331,-298.829331,-29.21717434973517,3,-3,75.0,-3,3,50.0,our,our,our,their,our,our,5,1,0
20170608T121728978505,10,101,3600.0,2, mFSTSP No-Gurobi Heuristic,3,-1,1,1,3,1, main.py 20170608T121728978505 101 3600 2 3 -1 1 1 3 1, 2026-05-14 12:29:49,3476.181525,-1.0,23.42171,0,5,5,0.0,6596.630295,102,5,2, mFSTSP Heuristic,3,-1,1,1,1,1, main.py 20170608T121728978505 102 5 2 3 -1 1 1 1 1, 2019-06-28 14:40:26,3925.094957,-1.0,0.06919,0,5,5,420.0,1824.902491,23.352520000000002,-23.352520000000002,-33751.29353952884,-448.91343199999983,448.91343199999983,11.437008197710204,-420.0,420.0,100.0,4771.727804,-4771.727804,-261.4785078946993,0,0,0.0,0,0,0.0,their,our,our,their,tie,tie,2,2,2
20170608T121747991951,10,101,3600.0,2, mFSTSP No-Gurobi Heuristic,3,-1,1,1,3,1, main.py 20170608T121747991951 101 3600 2 3 -1 1 1 3 1, 2026-05-12 17:23:24,3428.022954,-1.0,0.002824,0,7,3,1.571297,906.499238,104,5,2, mFSTSP Heuristic,4,-1,1,1,1,1, main.py 20170608T121747991951 104 5 2 4 -1 1 1 1 1, 2019-06-28 14:40:39,4017.585726,-1.0,0.167546,0,5,5,330.0,922.341381,-0.164722,0.164722,98.31449273632316,-589.5627719999998,589.5627719999998,14.674553630171868,-328.428703,328.428703,99.52384939393939,-15.842142999999965,15.842142999999965,1.7176008066366877,2,-2,40.0,-2,2,40.0,our,our,our,our,our,our,6,0,0
20170608T121807019623,10,101,3600.0,2, mFSTSP No-Gurobi Heuristic,3,-1,1,1,3,1, main.py 20170608T121807019623 101 3600 2 3 -1 1 1 3 1, 2026-05-12 17:23:24,3548.592462,-1.0,0.003107,0,6,4,0.0,785.909641,104,5,2, mFSTSP Heuristic,4,-1,1,1,1,1, main.py 20170608T121807019623 104 5 2 4 -1 1 1 1 1, 2019-06-28 14:40:48,3434.803707,-1.0,0.242465,0,7,3,671.648023,3428.784644,-0.23935800000000002,0.23935800000000002,98.718577939084,113.78875500000004,-113.78875500000004,-3.312816821761979,-671.648023,671.648023,100.0,-2642.875003,2642.875003,77.07906087437553,-1,1,-14.285714285714285,1,-1,-33.33333333333333,our,their,our,our,their,their,3,3,0
20170608T121825920767,10,101,3600.0,2, mFSTSP No-Gurobi Heuristic,3,-1,1,1,3,1, main.py 20170608T121825920767 101 3600 2 3 -1 1 1 3 1, 2026-05-14 12:31:05,3493.344135,-1.0,20.782477,0,5,5,0.0,6434.989711,104,5,2, mFSTSP Heuristic,3,-1,1,1,1,1, main.py 20170608T121825920767 104 5 2 3 -1 1 1 1 1, 2019-06-28 14:40:55,3846.60202,-1.0,0.099646,0,4,6,360.0,1652.420946,20.682831,-20.682831,-20756.30833149349,-353.257885,353.257885,9.183634885108285,-360.0,360.0,100.0,4782.568765,-4782.568765,-289.42799209711785,1,-1,25.0,-1,1,16.666666666666664,their,our,our,their,our,our,4,2,0
20170608T121844810174,10,101,3600.0,2, mFSTSP No-Gurobi Heuristic,3,-1,1,1,3,1, main.py 20170608T121844810174 101 3600 2 3 -1 1 1 3 1, 2026-05-12 17:23:25,1474.66901,-1.0,0.003546,0,7,3,0.0,363.451395,102,5,2, mFSTSP Heuristic,2,-1,1,1,1,1, main.py 20170608T121844810174 102 5 2 2 -1 1 1 1 1, 2019-06-28 14:40:58,2923.90632,-1.0,0.105003,0,3,7,415.535451,739.635297,-0.101457,0.101457,96.62295362989629,-1449.23731,1449.23731,49.56510747580996,-415.535451,415.535451,100.0,-376.18390200000005,376.18390200000005,50.86072873020283,4,-4,133.33333333333331,-4,4,57.14285714285714,our,our,our,our,our,our,6,0,0
20170608T121903600571,10,101,3600.0,2, mFSTSP No-Gurobi Heuristic,3,-1,1,1,3,1, main.py 20170608T121903600571 101 3600 2 3 -1 1 1 3 1, 2026-05-12 17:55:29,4097.379373,-1.0,11.569037,0,4,6,0.0,1651.405635,104,5,2, mFSTSP Heuristic,4,-1,1,1,1,1, main.py 20170608T121903600571 104 5 2 4 -1 1 1 1 1, 2019-06-28 14:41:12,4020.36396,-1.0,0.15606,0,6,4,480.0,1614.445957,11.412977,-11.412977,-7313.1981289247715,77.01541299999963,-77.01541299999963,-1.9156328572799073,-480.0,480.0,100.0,36.95967800000017,-36.95967800000017,-2.2893103259200744,-2,2,-33.33333333333333,2,-2,-50.0,their,their,our,their,their,their,1,5,0
20170608T121925358737,10,101,3600.0,2, mFSTSP No-Gurobi Heuristic,3,-1,1,1,3,1, main.py 20170608T121925358737 101 3600 2 3 -1 1 1 3 1, 2026-05-12 17:23:25,3788.483193,-1.0,0.002847,0,6,4,0.0,481.275403,104,5,2, mFSTSP Heuristic,3,-1,1,1,1,1, main.py 20170608T121925358737 104 5 2 3 -1 1 1 1 1, 2019-06-28 14:41:20,3524.610692,-1.0,0.121404,0,6,4,450.0,2830.547521,-0.118557,0.118557,97.654937234358,263.87250099999983,-263.87250099999983,-7.486571541047797,-450.0,450.0,100.0,-2349.272118,2349.272118,82.99709157223508,0,0,0.0,0,0,0.0,our,their,our,our,tie,tie,3,1,2
20170608T122024823843,10,101,3600.0,2, mFSTSP No-Gurobi Heuristic,3,-1,1,1,3,1, main.py 20170608T122024823843 101 3600 2 3 -1 1 1 3 1, 2026-05-12 17:23:25,661.282752,-1.0,0.002732,0,8,2,11.805896,21.453869,101,5,2, mFSTSP Heuristic,3,-1,1,1,1,1, main.py 20170608T122024823843 101 5 2 3 -1 1 1 1 1, 2019-06-28 14:41:22,1158.027168,-1.0,0.072824,0,3,7,180.0,461.448809,-0.070092,0.070092,96.2484895089531,-496.7444160000001,496.7444160000001,42.895748020999804,-168.194104,168.194104,93.4411688888889,-439.99494,439.99494,95.35075861470042,5,-5,166.66666666666669,-5,5,71.42857142857143,our,our,our,our,our,our,6,0,0
20170608T122029847985,10,101,3600.0,2, mFSTSP No-Gurobi Heuristic,3,-1,1,1,3,1, main.py 20170608T122029847985 101 3600 2 3 -1 1 1 3 1, 2026-05-12 17:23:25,570.782131,-1.0,0.002753,0,8,2,72.65411,0.0,101,5,2, mFSTSP Heuristic,3,-1,1,1,1,1, main.py 20170608T122029847985 101 5 2 3 -1 1 1 1 1, 2019-06-28 14:41:30,1217.145038,-1.0,0.334393,0,7,3,630.0,1060.024864,-0.33164,0.33164,99.17671721597043,-646.3629070000001,646.3629070000001,53.10483852130694,-557.34589,557.34589,88.46760158730159,-1060.024864,1060.024864,100.0,1,-1,14.285714285714285,-1,1,33.33333333333333,our,our,our,our,our,our,6,0,0
20170608T122034665363,10,101,3600.0,2, mFSTSP No-Gurobi Heuristic,3,-1,1,1,3,1, main.py 20170608T122034665363 101 3600 2 3 -1 1 1 3 1, 2026-05-12 17:23:25,1059.664152,-1.0,0.002712,0,7,3,0.0,64.688883,101,5,2, mFSTSP Heuristic,2,-1,1,1,1,1, main.py 20170608T122034665363 101 5 2 2 -1 1 1 1 1, 2019-06-28 14:41:40,1498.145559,-1.0,0.058085,0,4,6,330.0,316.976911,-0.055373,0.055373,95.33098045967118,-438.481407,438.481407,29.268277996477376,-330.0,330.0,100.0,-252.28802799999997,252.28802799999997,79.59192586112368,3,-3,75.0,-3,3,50.0,our,our,our,our,our,our,6,0,0
20170608T122043762852,10,101,3600.0,2, mFSTSP No-Gurobi Heuristic,3,-1,1,1,3,1, main.py 20170608T122043762852 101 3600 2 3 -1 1 1 3 1, 2026-05-14 12:33:56,780.4337,-1.0,28.282527,0,5,5,6.728743,258.556136,101,5,2, mFSTSP Heuristic,1,-1,1,1,1,1, main.py 20170608T122043762852 101 5 2 1 -1 1 1 1 1, 2019-06-28 14:41:49,1174.878166,-1.0,0.056762,0,3,7,240.0,68.965557,28.225765000000003,-28.225765000000003,-49726.51597900004,-394.4444659999999,394.4444659999999,33.5732229447185,-233.271257,233.271257,97.19635708333333,189.590579,-189.590579,-274.90618106658656,2,-2,66.66666666666666,-2,2,28.57142857142857,their,our,our,their,our,our,4,2,0
20170608T122048564577,10,101,3600.0,2, mFSTSP No-Gurobi Heuristic,3,-1,1,1,3,1, main.py 20170608T122048564577 101 3600 2 3 -1 1 1 3 1, 2026-05-12 17:23:25,1000.832146,-1.0,0.002958,0,8,2,12.181566,126.387748,101,5,2, mFSTSP Heuristic,1,-1,1,1,1,1, main.py 20170608T122048564577 101 5 2 1 -1 1 1 1 1, 2019-06-28 14:41:57,1473.452895,-1.0,0.058921,0,3,7,270.0,195.234475,-0.055963,0.055963,94.9797186062694,-472.62074899999993,472.62074899999993,32.075728420215285,-257.818434,257.818434,95.4883088888889,-68.846727,68.846727,35.263611613676325,5,-5,166.66666666666669,-5,5,71.42857142857143,our,our,our,our,our,our,6,0,0
20170608T122053358160,10,101,3600.0,2, mFSTSP No-Gurobi Heuristic,3,-1,1,1,3,1, main.py 20170608T122053358160 101 3600 2 3 -1 1 1 3 1, 2026-05-12 17:23:25,1216.312831,-1.0,0.003445,0,6,4,0.0,140.499558,101,5,2, mFSTSP Heuristic,2,-1,1,1,1,1, main.py 20170608T122053358160 101 5 2 2 -1 1 1 1 1, 2019-06-28 14:42:06,1638.542796,-1.0,0.070639,0,2,8,180.0,199.94424,-0.06719399999999999,0.06719399999999999,95.12309064397854,-422.229965,422.229965,25.768626002979296,-180.0,180.0,100.0,-59.444682,59.444682,29.730629899616012,4,-4,200.0,-4,4,50.0,our,our,our,our,our,our,6,0,0
20170608T122058404415,10,101,3600.0,2, mFSTSP No-Gurobi Heuristic,3,-1,1,1,3,1, main.py 20170608T122058404415 101 3600 2 3 -1 1 1 3 1, 2026-05-12 17:23:25,1046.545371,-1.0,0.00285,0,5,5,64.5046,22.590537,101,5,2, mFSTSP Heuristic,2,-1,1,1,1,1, main.py 20170608T122058404415 101 5 2 2 -1 1 1 1 1, 2019-06-28 14:42:13,1348.805887,-1.0,0.063513,0,3,7,270.0,278.608355,-0.060663,0.060663,95.51272967738889,-302.26051600000005,302.26051600000005,22.40948967625614,-205.49540000000002,205.49540000000002,76.10940740740742,-256.01781800000003,256.01781800000003,91.89165127513854,2,-2,66.66666666666666,-2,2,28.57142857142857,our,our,our,our,our,our,6,0,0
20170608T122103536027,10,101,3600.0,2, mFSTSP No-Gurobi Heuristic,3,-1,1,1,3,1, main.py 20170608T122103536027 101 3600 2 3 -1 1 1 3 1, 2026-05-14 01:35:12,1144.235584,-1.0,14.313029,0,5,5,0.0,1829.648662,101,5,2, mFSTSP Heuristic,1,-1,1,1,1,1, main.py 20170608T122103536027 101 5 2 1 -1 1 1 1 1, 2019-06-28 14:42:20,1504.472408,-1.0,0.057622,0,4,6,330.0,218.317607,14.255407,-14.255407,-24739.521363368156,-360.23682400000007,360.23682400000007,23.944395529253207,-330.0,330.0,100.0,1611.331055,-1611.331055,-738.0673859254971,1,-1,25.0,-1,1,16.666666666666664,their,our,our,their,our,our,4,2,0
20170608T122108589505,10,101,3600.0,2, mFSTSP No-Gurobi Heuristic,3,-1,1,1,3,1, main.py 20170608T122108589505 101 3600 2 3 -1 1 1 3 1, 2026-05-12 17:23:25,900.109482,-1.0,0.003402,0,8,2,0.0,126.151066,101,5,2, mFSTSP Heuristic,2,-1,1,1,1,1, main.py 20170608T122108589505 101 5 2 2 -1 1 1 1 1, 2019-06-28 14:42:29,1512.811571,-1.0,0.083438,0,5,5,390.0,545.80496,-0.080036,0.080036,95.9227210623457,-612.702089,612.702089,40.5008859493976,-390.0,390.0,100.0,-419.65389400000004,419.65389400000004,76.88715287600171,3,-3,60.0,-3,3,60.0,our,our,our,our,our,our,6,0,0
20170608T131310834813,10,101,3600.0,2, mFSTSP No-Gurobi Heuristic,3,-1,1,1,3,1, main.py 20170608T131310834813 101 3600 2 3 -1 1 1 3 1, 2026-05-12 18:03:06,990.061628,-1.0,225.741992,0,3,7,82.398123,10.250973,101,5,2, mFSTSP Heuristic,2,-1,1,1,1,1, main.py 20170608T131310834813 101 5 2 2 -1 1 1 1 1, 2019-06-28 14:42:40,1191.401612,-1.0,0.079197,0,3,7,298.894337,145.392662,225.66279500000002,-225.66279500000002,-284938.5645920932,-201.33998399999984,201.33998399999984,16.899421821497405,-216.496214,216.496214,72.43235725807679,-135.141689,135.141689,92.94945641754603,0,0,0.0,0,0,0.0,their,our,our,our,tie,tie,3,1,2
20170606T113038113409,25,101,3600.0,2, mFSTSP No-Gurobi Heuristic,3,-1,1,1,3,1, main.py 20170606T113038113409 101 3600 2 3 -1 1 1 3 1, 2026-05-12 17:23:25,6692.165648,-1.0,0.015743,0,18,7,111.899045,1574.848596,102,5,2, mFSTSP Heuristic,4,-1,1,1,1,1, main.py 20170606T113038113409 102 5 2 4 -1 1 1 1 1, 2019-06-28 14:43:02,6230.280726,-1.0,0.97189,0,20,5,1679.999999,10523.1537,-0.9561470000000001,0.9561470000000001,98.38016647974565,461.8849220000002,-461.8849220000002,-7.413549121028808,-1568.100954,1568.100954,93.33934255555914,-8948.305104000001,8948.305104000001,85.03444270703753,-2,2,-10.0,2,-2,-40.0,our,their,our,our,their,their,3,3,0
20170606T113251786976,25,101,3600.0,2, mFSTSP No-Gurobi Heuristic,3,-1,1,1,3,1, main.py 20170606T113251786976 101 3600 2 3 -1 1 1 3 1, 2026-05-12 17:23:26,6509.472602,-1.0,0.016712,0,18,7,0.0,1395.746113,102,5,2, mFSTSP Heuristic,4,-1,1,1,1,1, main.py 20170606T113251786976 102 5 2 4 -1 1 1 1 1, 2019-06-28 14:43:40,7372.357866,-1.0,6.172763,0,16,9,1380.0,5510.061492,-6.156051,6.156051,99.72926224447626,-862.8852640000005,862.8852640000005,11.704332313810665,-1380.0,1380.0,100.0,-4114.315379,4114.315379,74.66913726776971,2,-2,12.5,-2,2,22.22222222222222,our,our,our,our,our,our,6,0,0
20170606T113339368121,25,101,3600.0,2, mFSTSP No-Gurobi Heuristic,3,-1,1,1,3,1, main.py 20170606T113339368121 101 3600 2 3 -1 1 1 3 1, 2026-05-12 17:23:26,5753.07258,-1.0,0.014875,0,20,5,0.0,2131.052067,102,5,2, mFSTSP Heuristic,4,-1,1,1,1,1, main.py 20170606T113339368121 102 5 2 4 -1 1 1 1 1, 2019-06-28 14:44:25,7197.176445,-1.0,1.549202,0,17,8,1469.999999,8920.911637,-1.534327,1.534327,99.03982824705881,-1444.103865,1444.103865,20.06486677151348,-1469.999999,1469.999999,100.0,-6789.859569999999,6789.859569999999,76.11172317679576,3,-3,17.647058823529413,-3,3,37.5,our,our,our,our,our,our,6,0,0
20170606T113427164164,25,101,3600.0,2, mFSTSP No-Gurobi Heuristic,3,-1,1,1,3,1, main.py 20170606T113427164164 101 3600 2 3 -1 1 1 3 1, 2026-05-12 17:23:26,5600.867332,-1.0,0.016768,0,20,5,135.097119,1566.966984,104,5,2, mFSTSP Heuristic,4,-1,1,1,1,1, main.py 20170606T113427164164 104 5 2 4 -1 1 1 1 1, 2019-06-28 14:45:38,6828.704024,-1.0,3.503933,0,18,7,1593.527981,5328.482024,-3.487165,3.487165,99.52145203689683,-1227.8366919999999,1227.8366919999999,17.980522917447797,-1458.430862,1458.430862,91.5221370060147,-3761.51504,3761.51504,70.5926194938403,2,-2,11.11111111111111,-2,2,28.57142857142857,our,our,our,our,our,our,6,0,0
20170606T113515209066,25,101,3600.0,2, mFSTSP No-Gurobi Heuristic,3,-1,1,1,3,1, main.py 20170606T113515209066 101 3600 2 3 -1 1 1 3 1, 2026-05-12 18:10:20,7481.892421,-1.0,42.510561,0,9,16,16.048303,2484.130497,102,5,2, mFSTSP Heuristic,3,-1,1,1,1,1, main.py 20170606T113515209066 102 5 2 3 -1 1 1 1 1, 2019-06-28 14:45:52,7398.995146,-1.0,0.916905,0,14,11,1259.999999,3029.074191,41.593656,-41.593656,-4536.310304775305,82.89727499999935,-82.89727499999935,-1.120385584315659,-1243.9516959999999,1243.9516959999999,98.7263251577193,-544.943694,544.943694,17.99043732963489,-5,5,-35.714285714285715,5,-5,-45.45454545454545,their,their,our,our,their,their,2,4,0
20170606T113603010160,25,101,3600.0,2, mFSTSP No-Gurobi Heuristic,3,-1,1,1,3,1, main.py 20170606T113603010160 101 3600 2 3 -1 1 1 3 1, 2026-05-12 17:23:26,7508.675461,-1.0,0.015847,0,17,8,0.0,1883.883484,102,5,2, mFSTSP Heuristic,3,-1,1,1,1,1, main.py 20170606T113603010160 102 5 2 3 -1 1 1 1 1, 2019-06-28 14:46:32,8145.424849,-1.0,0.746509,0,15,10,1360.645378,4376.605572,-0.7306619999999999,0.7306619999999999,97.87718567358196,-636.7493880000002,636.7493880000002,7.817264290126904,-1360.645378,1360.645378,100.0,-2492.7220880000004,2492.7220880000004,56.95560285230109,2,-2,13.333333333333334,-2,2,20.0,our,our,our,our,our,our,6,0,0
20170606T113651352937,25,101,3600.0,2, mFSTSP No-Gurobi Heuristic,3,-1,1,1,3,1, main.py 20170606T113651352937 101 3600 2 3 -1 1 1 3 1, 2026-05-12 18:11:49,7302.496748,-1.0,56.408919,0,10,15,66.317736,1617.556793,102,5,2, mFSTSP Heuristic,4,-1,1,1,1,1, main.py 20170606T113651352937 102 5 2 4 -1 1 1 1 1, 2019-06-28 14:47:21,6840.804493,-1.0,0.979765,0,18,7,1620.0,8312.870049,55.429154,-55.429154,-5657.392742137145,461.69225499999993,-461.69225499999993,-6.74909296812146,-1553.682264,1553.682264,95.90631259259258,-6695.3132559999995,6695.3132559999995,80.54153639518779,-8,8,-44.44444444444444,8,-8,-114.28571428571428,their,their,our,our,their,their,2,4,0
20170606T123216270309,25,101,3600.0,2, mFSTSP No-Gurobi Heuristic,3,-1,1,1,3,1, main.py 20170606T123216270309 101 3600 2 3 -1 1 1 3 1, 2026-05-12 17:23:26,3242.902424,-1.0,0.016647,0,21,4,38.633095,1020.443965,102,5,2, mFSTSP Heuristic,4,-1,1,1,1,1, main.py 20170606T123216270309 102 5 2 4 -1 1 1 1 1, 2019-06-28 14:48:17,4822.051078,-1.0,6.564618,0,17,8,1530.0,7124.396773,-6.547971,6.547971,99.7464132718766,-1579.1486540000005,1579.1486540000005,32.74848458583666,-1491.366905,1491.366905,97.47496111111111,-6103.952808,6103.952808,85.67676678442064,4,-4,23.52941176470588,-4,4,50.0,our,our,our,our,our,our,6,0,0
20170606T123231190878,25,101,3600.0,2, mFSTSP No-Gurobi Heuristic,3,-1,1,1,3,1, main.py 20170606T123231190878 101 3600 2 3 -1 1 1 3 1, 2026-05-12 17:23:26,1177.586389,-1.0,0.013555,0,22,3,56.467694,93.557008,102,5,2, mFSTSP Heuristic,4,-1,1,1,1,1, main.py 20170606T123231190878 102 5 2 4 -1 1 1 1 1, 2019-06-28 14:49:33,3436.609174,-1.0,4.926279,0,20,5,1818.932354,4331.271757,-4.912724,4.912724,99.72484303061194,-2259.022785,2259.022785,65.73406141410713,-1762.46466,1762.46466,96.89555832706905,-4237.714749000001,4237.714749000001,97.83996448967218,2,-2,10.0,-2,2,40.0,our,our,our,our,our,our,6,0,0
20170606T123246328134,25,101,3600.0,2, mFSTSP No-Gurobi Heuristic,3,-1,1,1,3,1, main.py 20170606T123246328134 101 3600 2 3 -1 1 1 3 1, 2026-05-12 17:23:26,4570.693182,-1.0,0.014129,0,16,9,68.26592,337.746675,102,5,2, mFSTSP Heuristic,4,-1,1,1,1,1, main.py 20170606T123246328134 102 5 2 4 -1 1 1 1 1, 2019-06-28 14:50:22,5086.130706,-1.0,1.466979,0,14,11,1139.999999,3877.819002,-1.45285,1.45285,99.03686419505664,-515.4375239999999,515.4375239999999,10.134177703926273,-1071.7340789999998,1071.7340789999998,94.01176139825593,-3540.0723270000003,3540.0723270000003,91.29029295008854,2,-2,14.285714285714285,-2,2,18.181818181818183,our,our,our,our,our,our,6,0,0
20170606T123301396863,25,101,3600.0,2, mFSTSP No-Gurobi Heuristic,3,-1,1,1,3,1, main.py 20170606T123301396863 101 3600 2 3 -1 1 1 3 1, 2026-05-12 17:23:26,3190.093348,-1.0,0.014623,0,19,6,0.0,495.751827,102,5,2, mFSTSP Heuristic,4,-1,1,1,1,1, main.py 20170606T123301396863 102 5 2 4 -1 1 1 1 1, 2019-06-28 14:51:33,4582.432597,-1.0,5.788665,0,18,7,1500.0,6377.196068,-5.774042,5.774042,99.74738562345549,-1392.339249,1392.339249,30.384282136774445,-1500.0,1500.0,100.0,-5881.444241,5881.444241,92.22617868866189,1,-1,5.555555555555555,-1,1,14.285714285714285,our,our,our,our,our,our,6,0,0
20170606T123316638608,25,101,3600.0,2, mFSTSP No-Gurobi Heuristic,3,-1,1,1,3,1, main.py 20170606T123316638608 101 3600 2 3 -1 1 1 3 1, 2026-05-12 17:23:26,3843.178119,-1.0,0.015636,0,18,7,74.877521,720.906345,102,5,2, mFSTSP Heuristic,4,-1,1,1,1,1, main.py 20170606T123316638608 102 5 2 4 -1 1 1 1 1, 2019-06-28 14:52:29,5166.696238,-1.0,6.343327,0,18,7,1499.999999,7030.103098,-6.327691000000001,6.327691000000001,99.75350474601105,-1323.5181190000003,1323.5181190000003,25.61633310791127,-1425.1224779999998,1425.1224779999998,95.00816526333877,-6309.196752999999,6309.196752999999,89.74543708747184,0,0,0.0,0,0,0.0,our,our,our,our,tie,tie,4,0,2
20170606T123331779163,25,101,3600.0,2, mFSTSP No-Gurobi Heuristic,3,-1,1,1,3,1, main.py 20170606T123331779163 101 3600 2 3 -1 1 1 3 1, 2026-05-12 17:23:26,4133.483152,-1.0,0.016243,0,21,4,0.0,1490.011247,102,5,2, mFSTSP Heuristic,4,-1,1,1,1,1, main.py 20170606T123331779163 102 5 2 4 -1 1 1 1 1, 2019-06-28 14:53:22,5397.581306,-1.0,2.388627,0,18,7,1500.0,7397.774638,-2.3723840000000003,2.3723840000000003,99.31998591659561,-1264.0981540000002,1264.0981540000002,23.419714911840554,-1500.0,1500.0,100.0,-5907.763391,5907.763391,79.85865588083357,3,-3,16.666666666666664,-3,3,42.857142857142854,our,our,our,our,our,our,6,0,0
20170606T123346836976,25,101,3600.0,2, mFSTSP No-Gurobi Heuristic,3,-1,1,1,3,1, main.py 20170606T123346836976 101 3600 2 3 -1 1 1 3 1, 2026-05-12 17:23:26,3508.642155,-1.0,0.016229,0,22,3,0.0,1387.103794,102,5,2, mFSTSP Heuristic,4,-1,1,1,1,1, main.py 20170606T123346836976 102 5 2 4 -1 1 1 1 1, 2019-06-28 14:54:30,5321.001896,-1.0,14.170471,0,17,8,1529.999999,6633.351015,-14.154242,14.154242,99.88547310812747,-1812.3597409999998,1812.3597409999998,34.06049793672165,-1529.999999,1529.999999,100.0,-5246.247221,5246.247221,79.08894326768865,5,-5,29.411764705882355,-5,5,62.5,our,our,our,our,our,our,6,0,0
20170606T123411109972,25,101,3600.0,2, mFSTSP No-Gurobi Heuristic,3,-1,1,1,3,1, main.py 20170606T123411109972 101 3600 2 3 -1 1 1 3 1, 2026-05-12 17:23:27,3851.569988,-1.0,0.016048,0,21,4,0.0,1328.750401,102,5,2, mFSTSP Heuristic,3,-1,1,1,1,1, main.py 20170606T123411109972 102 5 2 3 -1 1 1 1 1, 2019-06-28 14:55:37,5118.123779,-1.0,21.654602,0,16,9,1409.999999,3329.588116,-21.638554,21.638554,99.92589104154396,-1266.5537909999994,1266.5537909999994,24.74644705149089,-1409.999999,1409.999999,100.0,-2000.837715,2000.837715,60.092649459708724,5,-5,31.25,-5,5,55.55555555555556,our,our,our,our,our,our,6,0,0
20170606T123426160449,25,101,3600.0,2, mFSTSP No-Gurobi Heuristic,3,-1,1,1,3,1, main.py 20170606T123426160449 101 3600 2 3 -1 1 1 3 1, 2026-05-12 17:23:27,3406.19226,-1.0,0.016799,0,21,4,51.899498,1069.049407,102,5,2, mFSTSP Heuristic,4,-1,1,1,1,1, main.py 20170606T123426160449 102 5 2 4 -1 1 1 1 1, 2019-06-28 14:57:02,4993.968991,-1.0,1.714159,0,17,8,1529.999999,8307.586119,-1.69736,1.69736,99.01998589395733,-1587.776731,1587.776731,31.793884460665446,-1478.100501,1478.100501,96.60787594549535,-7238.536711999999,7238.536711999999,87.1316482106034,4,-4,23.52941176470588,-4,4,50.0,our,our,our,our,our,our,6,0,0
20170606T181516057642,25,101,3600.0,2, mFSTSP No-Gurobi Heuristic,3,-1,1,1,3,1, main.py 20170606T181516057642 101 3600 2 3 -1 1 1 3 1, 2026-05-12 17:23:27,7164.479419,-1.0,0.015747,0,16,9,0.0,1535.95542,102,5,2, mFSTSP Heuristic,3,-1,1,1,1,1, main.py 20170606T181516057642 102 5 2 3 -1 1 1 1 1, 2019-06-28 14:57:42,6811.917907,-1.0,0.834114,0,18,7,1529.999999,5599.32159,-0.8183670000000001,0.8183670000000001,98.1121285579669,352.5615120000002,-352.5615120000002,-5.175657088258569,-1529.999999,1529.999999,100.0,-4063.3661699999993,4063.3661699999993,72.56890151222765,-2,2,-11.11111111111111,2,-2,-28.57142857142857,our,their,our,our,their,their,3,3,0
20170606T181644949435,25,101,3600.0,2, mFSTSP No-Gurobi Heuristic,3,-1,1,1,3,1, main.py 20170606T181644949435 101 3600 2 3 -1 1 1 3 1, 2026-05-12 17:23:27,6920.566506,-1.0,0.014856,0,17,8,0.0,1540.032678,102,5,2, mFSTSP Heuristic,4,-1,1,1,1,1, main.py 20170606T181644949435 102 5 2 4 -1 1 1 1 1, 2019-06-28 14:58:23,7463.637583,-1.0,1.73606,0,16,9,1440.0,6062.893375,-1.721204,1.721204,99.14426920728546,-543.0710769999996,543.0710769999996,7.276225177880527,-1440.0,1440.0,100.0,-4522.860697,4522.860697,74.59904730717783,1,-1,6.25,-1,1,11.11111111111111,our,our,our,our,our,our,6,0,0
20170606T183158840946,25,101,3600.0,2, mFSTSP No-Gurobi Heuristic,3,-1,1,1,3,1, main.py 20170606T183158840946 101 3600 2 3 -1 1 1 3 1, 2026-05-12 17:23:27,3645.90457,-1.0,0.015858,0,20,5,72.433776,968.390837,102,5,2, mFSTSP Heuristic,3,-1,1,1,1,1, main.py 20170606T183158840946 102 5 2 3 -1 1 1 1 1, 2019-06-28 14:59:02,5110.563401,-1.0,1.273134,0,16,9,1439.999999,4782.701747,-1.257276,1.257276,98.75441233994223,-1464.6588310000002,1464.6588310000002,28.659439597469934,-1367.5662229999998,1367.5662229999998,94.96987666317352,-3814.31091,3814.31091,79.75222189827261,4,-4,25.0,-4,4,44.44444444444444,our,our,our,our,our,our,6,0,0
20170607T111048231225,25,101,3600.0,2, mFSTSP No-Gurobi Heuristic,3,-1,1,1,3,1, main.py 20170607T111048231225 101 3600 2 3 -1 1 1 3 1, 2026-05-12 17:23:27,6929.038273,-1.0,0.014904,0,17,8,0.0,897.820889,102,5,2, mFSTSP Heuristic,3,-1,1,1,1,1, main.py 20170607T111048231225 102 5 2 3 -1 1 1 1 1, 2019-06-28 14:59:47,6861.840483,-1.0,1.063911,0,15,10,1349.999999,5000.520149,-1.049007,1.049007,98.59913094234386,67.19779000000017,-67.19779000000017,-0.9792968834889216,-1349.999999,1349.999999,100.0,-4102.69926,4102.69926,82.04545002824266,2,-2,13.333333333333334,-2,2,20.0,our,their,our,our,our,our,5,1,0
20170606T114000833192,50,101,3600.0,2, mFSTSP No-Gurobi Heuristic,3,-1,1,1,3,1, main.py 20170606T114000833192 101 3600 2 3 -1 1 1 3 1, 2026-05-12 17:23:27,10253.740831,-1.0,0.126789,0,32,18,217.5941,2215.078001,102,5,2, mFSTSP Heuristic,4,-1,1,1,1,1, main.py 20170606T114000833192 102 5 2 4 -1 1 1 1 1, 2019-06-28 15:01:56,11849.43558,-1.0,31.401495,0,26,24,2616.904323,7070.296726,-31.274706000000002,31.274706000000002,99.5962325997536,-1595.6947490000002,1595.6947490000002,13.466419883266711,-2399.3102230000004,2399.3102230000004,91.68505710783681,-4855.218725,4855.218725,68.67065008948819,6,-6,23.076923076923077,-6,6,25.0,our,our,our,our,our,our,6,0,0
20170606T114145593946,50,101,3600.0,2, mFSTSP No-Gurobi Heuristic,3,-1,1,1,3,1, main.py 20170606T114145593946 101 3600 2 3 -1 1 1 3 1, 2026-05-12 17:23:27,7969.642877,-1.0,0.128766,0,38,12,0.0,1955.740688,102,5,2, mFSTSP Heuristic,3,-1,1,1,1,1, main.py 20170606T114145593946 102 5 2 3 -1 1 1 1 1, 2019-06-28 15:08:43,10371.25154,-1.0,39.042208,0,31,19,2699.999999,8789.451871,-38.913442,38.913442,99.67018771069506,-2401.608662999999,2401.608662999999,23.156401652562746,-2699.999999,2699.999999,100.0,-6833.711182999999,6833.711182999999,77.74900281947285,7,-7,22.58064516129032,-7,7,36.84210526315789,our,our,our,our,our,our,6,0,0
20170606T114330252507,50,101,3600.0,2, mFSTSP No-Gurobi Heuristic,3,-1,1,1,3,1, main.py 20170606T114330252507 101 3600 2 3 -1 1 1 3 1, 2026-05-12 17:23:27,8098.204415,-1.0,0.128692,0,39,11,0.0,2298.194213,102,5,2, mFSTSP Heuristic,4,-1,1,1,1,1, main.py 20170606T114330252507 102 5 2 4 -1 1 1 1 1, 2019-06-28 15:16:12,10101.74895,-1.0,26.654853,0,35,15,3029.999999,10279.6606,-26.526161,26.526161,99.51719110962645,-2003.544534999999,2003.544534999999,19.833640144066333,-3029.999999,3029.999999,100.0,-7981.466386999999,7981.466386999999,77.64328704587776,4,-4,11.428571428571429,-4,4,26.666666666666668,our,our,our,our,our,our,6,0,0
20170606T114511221132,50,101,3600.0,2, mFSTSP No-Gurobi Heuristic,3,-1,1,1,3,1, main.py 20170606T114511221132 101 3600 2 3 -1 1 1 3 1, 2026-05-12 17:23:28,6739.474242,-1.0,0.128436,0,40,10,1.564429,1160.832744,102,5,2, mFSTSP Heuristic,4,-1,1,1,1,1, main.py 20170606T114511221132 102 5 2 4 -1 1 1 1 1, 2019-06-28 15:23:56,9772.374379,-1.0,52.396405,0,32,18,2946.712663,9511.321146,-52.267969,52.267969,99.75487631260198,-3032.9001370000005,3032.9001370000005,31.035447675003574,-2945.148234,2945.148234,99.94690934682421,-8350.488402,8350.488402,87.79525235052978,8,-8,25.0,-8,8,44.44444444444444,our,our,our,our,our,our,6,0,0
20170606T114654882472,50,101,3600.0,2, mFSTSP No-Gurobi Heuristic,3,-1,1,1,3,1, main.py 20170606T114654882472 101 3600 2 3 -1 1 1 3 1, 2026-05-12 17:23:28,8700.191413,-1.0,0.12908,0,38,12,89.484752,2046.882751,102,5,2, mFSTSP Heuristic,4,-1,1,1,1,1, main.py 20170606T114654882472 102 5 2 4 -1 1 1 1 1, 2019-06-28 15:31:14,11360.72397,-1.0,20.206468,0,35,15,3307.009914,13975.81419,-20.077388000000003,20.077388000000003,99.36119464322019,-2660.5325569999986,2660.5325569999986,23.418688492261634,-3217.5251620000004,3217.5251620000004,97.29408878935705,-11928.931439,11928.931439,85.35410729441017,3,-3,8.571428571428571,-3,3,20.0,our,our,our,our,our,our,6,0,0
20170606T114840930461,50,101,3600.0,2, mFSTSP No-Gurobi Heuristic,3,-1,1,1,3,1, main.py 20170606T114840930461 101 3600 2 3 -1 1 1 3 1, 2026-05-12 17:23:28,8978.198179,-1.0,0.129548,0,38,12,37.143883,2585.771348,102,5,2, mFSTSP Heuristic,4,-1,1,1,1,1, main.py 20170606T114840930461 102 5 2 4 -1 1 1 1 1, 2019-06-28 15:39:02,10986.469,-1.0,63.705436,0,28,22,2519.999997,12826.58043,-63.575888,63.575888,99.79664529727103,-2008.2708209999983,2008.2708209999983,18.279492901677493,-2482.8561139999997,2482.8561139999997,98.52603638713417,-10240.809082,10240.809082,79.84052443196661,10,-10,35.714285714285715,-10,10,45.45454545454545,our,our,our,our,our,our,6,0,0
20170606T115303341654,50,101,3600.0,2, mFSTSP No-Gurobi Heuristic,3,-1,1,1,3,1, main.py 20170606T115303341654 101 3600 2 3 -1 1 1 3 1, 2026-05-12 17:23:28,6817.744818,-1.0,0.131014,0,40,10,107.227841,2134.417234,102,5,2, mFSTSP Heuristic,4,-1,1,1,1,1, main.py 20170606T115303341654 102 5 2 4 -1 1 1 1 1, 2019-06-28 15:48:34,8975.584618,-1.0,45.479642,0,34,16,2948.066875,13030.97642,-45.348628,45.348628,99.71192825132617,-2157.8398000000007,2157.8398000000007,24.04121727817686,-2840.839034,2840.839034,96.36277447064359,-10896.559186,10896.559186,83.62043514464436,6,-6,17.647058823529413,-6,6,37.5,our,our,our,our,our,our,6,0,0
20170606T123441157583,50,101,3600.0,2, mFSTSP No-Gurobi Heuristic,3,-1,1,1,3,1, main.py 20170606T123441157583 101 3600 2 3 -1 1 1 3 1, 2026-05-12 17:23:28,5215.591421,-1.0,0.118542,0,42,8,0.0,1427.998776,102,5,2, mFSTSP Heuristic,4,-1,1,1,1,1, main.py 20170606T123441157583 102 5 2 4 -1 1 1 1 1, 2019-06-28 16:02:43,7978.887895,-1.0,79.813654,0,37,13,3293.071841,12006.83785,-79.695112,79.695112,99.85147654059291,-2763.2964739999998,2763.2964739999998,34.63260181574464,-3293.071841,3293.071841,100.0,-10578.839074,10578.839074,88.10678720042846,5,-5,13.513513513513514,-5,5,38.46153846153847,our,our,our,our,our,our,6,0,0
20170606T123513473544,50,101,3600.0,2, mFSTSP No-Gurobi Heuristic,3,-1,1,1,3,1, main.py 20170606T123513473544 101 3600 2 3 -1 1 1 3 1, 2026-05-12 17:23:29,5231.251577,-1.0,0.127352,0,39,11,24.712381,865.358059,102,5,2, mFSTSP Heuristic,3,-1,1,1,1,1, main.py 20170606T123513473544 102 5 2 3 -1 1 1 1 1, 2019-06-28 16:12:11,7778.794929,-1.0,23.972442,0,32,18,2789.999999,7048.062881,-23.845090000000003,23.845090000000003,99.468756666509,-2547.5433519999997,2547.5433519999997,32.74984589839931,-2765.2876180000003,2765.2876180000003,99.11425157674346,-6182.704822,6182.704822,87.722044005413,7,-7,21.875,-7,7,38.88888888888889,our,our,our,our,our,our,6,0,0
20170606T123545699742,50,101,3600.0,2, mFSTSP No-Gurobi Heuristic,3,-1,1,1,3,1, main.py 20170606T123545699742 101 3600 2 3 -1 1 1 3 1, 2026-05-12 17:23:29,4987.353006,-1.0,0.128777,0,41,9,0.0,1356.135787,102,5,2, mFSTSP Heuristic,4,-1,1,1,1,1, main.py 20170606T123545699742 102 5 2 4 -1 1 1 1 1, 2019-06-28 16:29:24,8118.3273,-1.0,35.400757,0,31,19,2759.999999,8834.429367,-35.27198,35.27198,99.6362309427451,-3130.9742939999996,3130.9742939999996,38.566741377869796,-2759.999999,2759.999999,100.0,-7478.2935800000005,7478.2935800000005,84.6494240809068,10,-10,32.25806451612903,-10,10,52.63157894736842,our,our,our,our,our,our,6,0,0
20170606T123621314894,50,101,3600.0,2, mFSTSP No-Gurobi Heuristic,3,-1,1,1,3,1, main.py 20170606T123621314894 101 3600 2 3 -1 1 1 3 1, 2026-05-12 17:23:29,3796.198659,-1.0,0.128297,0,43,7,2.408453,740.889279,102,5,2, mFSTSP Heuristic,4,-1,1,1,1,1, main.py 20170606T123621314894 102 5 2 4 -1 1 1 1 1, 2019-06-28 16:43:40,6806.657021,-1.0,141.869589,0,35,15,3029.999999,9480.321429,-141.741292,141.741292,99.90956694743085,-3010.458362,3010.458362,44.22814830704836,-3027.591546,3027.591546,99.92051310228399,-8739.43215,8739.43215,92.18497722309665,8,-8,22.857142857142858,-8,8,53.333333333333336,our,our,our,our,our,our,6,0,0
20170606T123654604464,50,101,3600.0,2, mFSTSP No-Gurobi Heuristic,3,-1,1,1,3,1, main.py 20170606T123654604464 101 3600 2 3 -1 1 1 3 1, 2026-05-12 17:23:29,4922.552964,-1.0,0.127846,0,42,8,346.440272,1245.602253,102,5,2, mFSTSP Heuristic,4,-1,1,1,1,1, main.py 20170606T123654604464 102 5 2 4 -1 1 1 1 1, 2019-06-28 16:59:01,7261.834535,-1.0,111.831157,0,32,18,2879.999999,8465.255138,-111.703311,111.703311,99.88567944441458,-2339.2815709999995,2339.2815709999995,32.21336922130792,-2533.5597270000003,2533.5597270000003,87.9708238847121,-7219.652885,7219.652885,85.28570925867822,10,-10,31.25,-10,10,55.55555555555556,our,our,our,our,our,our,6,0,0
20170606T123727622253,50,101,3600.0,2, mFSTSP No-Gurobi Heuristic,3,-1,1,1,3,1, main.py 20170606T123727622253 101 3600 2 3 -1 1 1 3 1, 2026-05-12 17:23:29,4797.145056,-1.0,0.128786,0,40,10,309.998617,784.564609,102,5,2, mFSTSP Heuristic,4,-1,1,1,1,1, main.py 20170606T123727622253 102 5 2 4 -1 1 1 1 1, 2019-06-28 17:12:47,7648.4578,-1.0,31.964101,0,34,16,3059.999999,10453.3292,-31.835314999999998,31.835314999999998,99.5970917498978,-2851.312744,2851.312744,37.279577380945994,-2750.001382,2750.001382,89.86932623851939,-9668.764591,9668.764591,92.49459579824578,6,-6,17.647058823529413,-6,6,37.5,our,our,our,our,our,our,6,0,0
20170606T123800566693,50,101,3600.0,2, mFSTSP No-Gurobi Heuristic,3,-1,1,1,3,1, main.py 20170606T123800566693 101 3600 2 3 -1 1 1 3 1, 2026-05-12 17:23:30,4276.233943,-1.0,0.140248,0,40,10,238.474301,631.72395,102,5,2, mFSTSP Heuristic,4,-1,1,1,1,1, main.py 20170606T123800566693 102 5 2 4 -1 1 1 1 1, 2019-06-28 17:23:44,7321.157174,-1.0,40.460224,0,37,13,3209.999999,10353.1095,-40.319976,40.319976,99.65336820676029,-3044.9232309999998,3044.9232309999998,41.5907370738275,-2971.525698,2971.525698,92.57089404752988,-9721.38555,9721.38555,93.89822014342649,3,-3,8.108108108108109,-3,3,23.076923076923077,our,our,our,our,our,our,6,0,0
20170606T123921635977,50,101,3600.0,2, mFSTSP No-Gurobi Heuristic,3,-1,1,1,3,1, main.py 20170606T123921635977 101 3600 2 3 -1 1 1 3 1, 2026-05-12 17:23:30,4371.144644,-1.0,0.138961,0,40,10,300.34932,873.310859,102,5,2, mFSTSP Heuristic,4,-1,1,1,1,1, main.py 20170606T123921635977 102 5 2 4 -1 1 1 1 1, 2019-06-28 17:36:25,7441.067567,-1.0,106.358608,0,31,19,2679.135593,7364.306219,-106.21964700000001,106.21964700000001,99.86934672932162,-3069.922923,3069.922923,41.25648497823941,-2378.786273,2378.786273,88.78931992898205,-6490.99536,6490.99536,88.1413016646857,9,-9,29.03225806451613,-9,9,47.368421052631575,our,our,our,our,our,our,6,0,0
20170606T181732755419,50,101,3600.0,2, mFSTSP No-Gurobi Heuristic,3,-1,1,1,3,1, main.py 20170606T181732755419 101 3600 2 3 -1 1 1 3 1, 2026-05-12 17:23:30,7004.750624,-1.0,0.127772,0,35,15,0.0,1400.692798,102,5,2, mFSTSP Heuristic,4,-1,1,1,1,1, main.py 20170606T181732755419 102 5 2 4 -1 1 1 1 1, 2019-06-28 17:52:17,9894.066173,-1.0,39.374593,0,35,15,3261.988648,14294.45901,-39.246821,39.246821,99.6754963283049,-2889.315548999999,2889.315548999999,29.20250884196304,-3261.988648,3261.988648,100.0,-12893.766212,12893.766212,90.20114859177171,0,0,0.0,0,0,0.0,our,our,our,our,tie,tie,4,0,2
20170606T181907372750,50,101,3600.0,2, mFSTSP No-Gurobi Heuristic,3,-1,1,1,3,1, main.py 20170606T181907372750 101 3600 2 3 -1 1 1 3 1, 2026-05-12 17:23:30,7990.348457,-1.0,0.12871,0,38,12,0.0,2345.154407,102,5,2, mFSTSP Heuristic,4,-1,1,1,1,1, main.py 20170606T181907372750 102 5 2 4 -1 1 1 1 1, 2019-06-28 17:59:19,10894.15977,-1.0,28.99708,0,36,14,3239.999997,13698.42053,-28.86837,28.86837,99.55612772044633,-2903.811313,2903.811313,26.654752402258925,-3239.999997,3239.999997,100.0,-11353.266123,11353.266123,82.88011087216928,2,-2,5.555555555555555,-2,2,14.285714285714285,our,our,our,our,our,our,6,0,0
20170606T182048138619,50,101,3600.0,2, mFSTSP No-Gurobi Heuristic,3,-1,1,1,3,1, main.py 20170606T182048138619 101 3600 2 3 -1 1 1 3 1, 2026-05-12 17:23:30,8745.691577,-1.0,0.128024,0,35,15,59.257312,2106.36085,102,5,2, mFSTSP Heuristic,4,-1,1,1,1,1, main.py 20170606T182048138619 102 5 2 4 -1 1 1 1 1, 2019-06-28 18:03:59,10448.28976,-1.0,26.823763,0,29,21,2579.999996,10216.37927,-26.695739,26.695739,99.52272170015817,-1702.598183,1702.598183,16.295472485058646,-2520.742684,2520.742684,97.70320495767938,-8110.018419999999,8110.018419999999,79.38251121720543,6,-6,20.689655172413794,-6,6,28.57142857142857,our,our,our,our,our,our,6,0,0
20170606T183214059726,50,101,3600.0,2, mFSTSP No-Gurobi Heuristic,3,-1,1,1,3,1, main.py 20170606T183214059726 101 3600 2 3 -1 1 1 3 1, 2026-05-12 17:23:31,5790.858539,-1.0,0.12932,0,38,12,76.043849,1202.31747,102,5,2, mFSTSP Heuristic,3,-1,1,1,1,1, main.py 20170606T183214059726 102 5 2 3 -1 1 1 1 1, 2019-06-28 18:18:37,8072.456836,-1.0,28.85958,0,23,27,2069.999999,3976.990625,-28.73026,28.73026,99.55189923068873,-2281.5982970000005,2281.5982970000005,28.263988812240708,-1993.9561500000002,1993.9561500000002,96.32638410450551,-2774.673155,2774.673155,69.76815931015679,15,-15,65.21739130434783,-15,15,55.55555555555556,our,our,our,our,our,our,6,0,0
20170607T112639731371,50,101,3600.0,2, mFSTSP No-Gurobi Heuristic,3,-1,1,1,3,1, main.py 20170607T112639731371 101 3600 2 3 -1 1 1 3 1, 2026-05-12 17:23:31,4162.675899,-1.0,0.129459,0,41,9,109.478568,675.560637,102,5,2, mFSTSP Heuristic,3,-1,1,1,1,1, main.py 20170607T112639731371 102 5 2 3 -1 1 1 1 1, 2019-06-28 18:29:39,7379.949445,-1.0,51.752595,0,32,18,2849.999999,6328.409177,-51.623136,51.623136,99.74985022490176,-3217.2735460000004,3217.2735460000004,43.59479112935848,-2740.521431,2740.521431,96.15864673549426,-5652.848540000001,5652.848540000001,89.32495326858351,9,-9,28.125,-9,9,50.0,our,our,our,our,our,our,6,0,0
20170606T115437348436,100,101,3600.0,2, mFSTSP No-Gurobi Heuristic,3,-1,1,1,3,1, main.py 20170606T115437348436 101 3600 2 3 -1 1 1 3 1, 2026-05-12 17:23:31,12593.319311,-1.0,0.716575,0,74,26,232.3531,2949.439181,102,5,2, mFSTSP Heuristic,4,-1,1,1,1,1, main.py 20170606T115437348436 102 5 2 4 -1 1 1 1 1, 2019-06-28 19:44:31,15761.16666,-1.0,399.343386,0,56,44,5039.999998,17005.62948,-398.62681100000003,398.62681100000003,99.82056169574322,-3167.8473490000015,3167.8473490000015,20.099066378376847,-4807.646898,4807.646898,95.38981944261499,-14056.190299,14056.190299,82.65610111952175,18,-18,32.142857142857146,-18,18,40.909090909090914,our,our,our,our,our,our,6,0,0
20170606T115823934453,100,101,3600.0,2, mFSTSP No-Gurobi Heuristic,3,-1,1,1,3,1, main.py 20170606T115823934453 101 3600 2 3 -1 1 1 3 1, 2026-05-12 17:23:32,12145.754347,-1.0,0.810817,0,78,22,176.272668,3511.869733,102,5,2, mFSTSP Heuristic,3,-1,1,1,1,1, main.py 20170606T115823934453 102 5 2 3 -1 1 1 1 1, 2019-06-28 21:44:22,17240.30523,-1.0,210.864689,0,59,41,5309.999972,15998.01802,-210.053872,210.053872,99.61547995359243,-5094.550883000002,5094.550883000002,29.550236002405168,-5133.727304,5133.727304,96.68036405029194,-12486.148287,12486.148287,78.04809490394611,19,-19,32.20338983050847,-19,19,46.34146341463415,our,our,our,our,our,our,6,0,0
20170606T120227545709,100,101,3600.0,2, mFSTSP No-Gurobi Heuristic,3,-1,1,1,3,1, main.py 20170606T120227545709 101 3600 2 3 -1 1 1 3 1, 2026-05-12 17:23:33,6684.152988,-1.0,0.723583,0,86,14,60.023491,1412.585352,102,5,2, mFSTSP Heuristic,4,-1,1,1,1,1, main.py 20170606T120227545709 102 5 2 4 -1 1 1 1 1, 2019-06-29 00:07:54,14322.24875,-1.0,904.444631,0,68,32,6119.094516,21692.57561,-903.721048,903.721048,99.91999698210383,-7638.095762000001,7638.095762000001,53.33028280213329,-6059.071025,6059.071025,99.01907887117854,-20279.990257999998,20279.990257999998,93.48816213714697,18,-18,26.47058823529412,-18,18,56.25,our,our,our,our,our,our,6,0,0
20170606T121241353494,100,101,3600.0,2, mFSTSP No-Gurobi Heuristic,3,-1,1,1,3,1, main.py 20170606T121241353494 101 3600 2 3 -1 1 1 3 1, 2026-05-12 17:23:33,9819.78705,-1.0,0.735517,0,85,15,161.75018,2455.355015,102,5,2, mFSTSP Heuristic,4,-1,1,1,1,1, main.py 20170606T121241353494 102 5 2 4 -1 1 1 1 1, 2019-06-29 02:12:24,15049.37102,-1.0,510.452166,0,74,26,6542.08596,25913.07793,-509.71664899999996,509.71664899999996,99.85590873171061,-5229.58397,5229.58397,34.74951852173819,-6380.33578,6380.33578,97.52754425745881,-23457.722915,23457.722915,90.5246492846865,11,-11,14.864864864864865,-11,11,42.30769230769231,our,our,our,our,our,our,6,0,0
20170606T121632081849,100,101,3600.0,2, mFSTSP No-Gurobi Heuristic,3,-1,1,1,3,1, main.py 20170606T121632081849 101 3600 2 3 -1 1 1 3 1, 2026-05-12 17:23:34,11066.6876,-1.0,0.733223,0,78,22,2.926162,2720.284516,102,5,2, mFSTSP Heuristic,4,-1,1,1,1,1, main.py 20170606T121632081849 102 5 2 4 -1 1 1 1 1, 2019-06-29 04:02:37,16550.28252,-1.0,479.270642,0,58,42,5255.653848,15975.24316,-478.537419,478.537419,99.84701274483656,-5483.594920000001,5483.594920000001,33.132938446056215,-5252.727686,5252.727686,99.94432354023633,-13254.958644,13254.958644,82.97187411324512,20,-20,34.48275862068966,-20,20,47.61904761904761,our,our,our,our,our,our,6,0,0
20170606T122019874088,100,101,3600.0,2, mFSTSP No-Gurobi Heuristic,3,-1,1,1,3,1, main.py 20170606T122019874088 101 3600 2 3 -1 1 1 3 1, 2026-05-12 17:23:35,11434.450984,-1.0,0.730528,0,83,17,0.0,3803.048232,102,5,2, mFSTSP Heuristic,4,-1,1,1,1,1, main.py 20170606T122019874088 102 5 2 4 -1 1 1 1 1, 2019-06-29 05:54:37,15517.72769,-1.0,913.123964,0,64,36,5826.040751,17581.98659,-912.393436,912.393436,99.9199968428383,-4083.2767060000006,4083.2767060000006,26.313625213512175,-5826.040751,5826.040751,100.0,-13778.938358,13778.938358,78.36963296193709,19,-19,29.6875,-19,19,52.77777777777778,our,our,our,our,our,our,6,0,0
20170606T122653532986,100,101,3600.0,2, mFSTSP No-Gurobi Heuristic,3,-1,1,1,3,1, main.py 20170606T122653532986 101 3600 2 3 -1 1 1 3 1, 2026-05-12 17:23:36,12073.411072,-1.0,0.737152,0,78,22,171.826481,2600.131906,102,5,2, mFSTSP Heuristic,4,-1,1,1,1,1, main.py 20170606T122653532986 102 5 2 4 -1 1 1 1 1, 2019-06-29 08:06:14,16566.52759,-1.0,409.080555,0,67,33,5999.999995,25329.28983,-408.343403,408.343403,99.81980272809594,-4493.116518000001,4493.116518000001,27.12165535952245,-5828.173514,5828.173514,97.13622531428018,-22729.157924000003,22729.157924000003,89.73468295617036,11,-11,16.417910447761194,-11,11,33.33333333333333,our,our,our,our,our,our,6,0,0
20170606T123954019627,100,101,3600.0,2, mFSTSP No-Gurobi Heuristic,3,-1,1,1,3,1, main.py 20170606T123954019627 101 3600 2 3 -1 1 1 3 1, 2026-05-12 17:23:37,6726.284706,-1.0,0.726904,0,77,23,405.440146,1097.71799,102,5,2, mFSTSP Heuristic,4,-1,1,1,1,1, main.py 20170606T123954019627 102 5 2 4 -1 1 1 1 1, 2019-06-29 10:56:06,12310.65855,-1.0,1595.928739,0,67,33,5966.681327,17292.80538,-1595.2018349999998,1595.2018349999998,99.9544526029116,-5584.373844,5584.373844,45.36210488918157,-5561.241181,5561.241181,93.20493044994156,-16195.08739,16195.08739,93.65216940873245,10,-10,14.925373134328357,-10,10,30.303030303030305,our,our,our,our,our,our,6,0,0
20170606T124325384128,100,101,3600.0,2, mFSTSP No-Gurobi Heuristic,3,-1,1,1,3,1, main.py 20170606T124325384128 101 3600 2 3 -1 1 1 3 1, 2026-05-12 17:23:37,9015.627057,-1.0,0.722716,0,73,27,347.485897,1471.622612,102,5,2, mFSTSP Heuristic,4,-1,1,1,1,1, main.py 20170606T124325384128 102 5 2 4 -1 1 1 1 1, 2019-06-29 13:52:39,13170.52687,-1.0,555.645937,0,51,49,4559.999995,12442.57145,-554.923221,554.923221,99.8699322802751,-4154.899813,4154.899813,31.546952175953457,-4212.514098,4212.514098,92.37969523287246,-10970.948838,10970.948838,88.1726810417472,22,-22,43.13725490196079,-22,22,44.89795918367347,our,our,our,our,our,our,6,0,0
20170606T124502755142,100,101,3600.0,2, mFSTSP No-Gurobi Heuristic,3,-1,1,1,3,1, main.py 20170606T124502755142 101 3600 2 3 -1 1 1 3 1, 2026-05-12 17:23:38,7390.870069,-1.0,0.736059,0,84,16,61.953276,1871.410475,101,5,2, mFSTSP Heuristic,4,-1,1,1,1,1, main.py 20170606T124502755142 101 5 2 4 -1 1 1 1 1, 2019-06-29 16:46:23,12836.72701,-1.0,272.002211,0,55,45,5010.127465,14741.20456,-271.266152,271.266152,99.72939227321207,-5445.856941000001,5445.856941000001,42.42403018119492,-4948.174188999999,4948.174188999999,98.76343912539558,-12869.794085,12869.794085,87.30490125564067,29,-29,52.72727272727272,-29,29,64.44444444444444,our,our,our,our,our,our,6,0,0
20170606T124638691350,100,101,3600.0,2, mFSTSP No-Gurobi Heuristic,3,-1,1,1,3,1, main.py 20170606T124638691350 101 3600 2 3 -1 1 1 3 1, 2026-05-12 17:23:39,8844.507374,-1.0,0.754203,0,73,27,184.8773,1470.052891,101,5,2, mFSTSP Heuristic,4,-1,1,1,1,1, main.py 20170606T124638691350 101 5 2 4 -1 1 1 1 1, 2019-06-29 20:07:10,13545.92073,-1.0,247.616038,0,58,42,5129.999989,14769.50045,-246.861835,246.861835,99.6954143172261,-4701.413355999999,4701.413355999999,34.70722625437953,-4945.122689,4945.122689,96.39615398837383,-13299.447559,13299.447559,90.04669862750842,15,-15,25.862068965517242,-15,15,35.714285714285715,our,our,our,our,our,our,6,0,0
20170606T124852600104,100,101,3600.0,2, mFSTSP No-Gurobi Heuristic,3,-1,1,1,3,1, main.py 20170606T124852600104 101 3600 2 3 -1 1 1 3 1, 2026-05-12 17:23:40,6404.175373,-1.0,0.736493,0,81,19,371.321347,1070.656396,102,5,2, mFSTSP Heuristic,4,-1,1,1,1,1, main.py 20170606T124852600104 102 5 2 4 -1 1 1 1 1, 2019-06-29 23:10:27,12152.21788,-1.0,1081.927819,0,57,43,5090.412755,14079.29137,-1081.191326,1081.191326,99.93192771393188,-5748.042507,5748.042507,47.300357545926424,-4719.091408,4719.091408,92.70547665048824,-13008.634974,13008.634974,92.39552355396705,24,-24,42.10526315789473,-24,24,55.81395348837209,our,our,our,our,our,our,6,0,0
20170606T125025587321,100,101,3600.0,2, mFSTSP No-Gurobi Heuristic,3,-1,1,1,3,1, main.py 20170606T125025587321 101 3600 2 3 -1 1 1 3 1, 2026-05-12 17:23:41,7751.379623,-1.0,0.806432,0,80,20,0.0,1630.476724,102,5,2, mFSTSP Heuristic,4,-1,1,1,1,1, main.py 20170606T125025587321 102 5 2 4 -1 1 1 1 1, 2019-06-30 02:16:28,12493.74868,-1.0,1088.302013,0,51,49,4529.999995,12752.0565,-1087.495581,1087.495581,99.92589998085393,-4742.369057000001,4742.369057000001,37.957935432074024,-4529.999995,4529.999995,100.0,-11121.579776,11121.579776,87.2140095677901,29,-29,56.86274509803921,-29,29,59.183673469387756,our,our,our,our,our,our,6,0,0
20170606T131220449002,100,101,3600.0,2, mFSTSP No-Gurobi Heuristic,3,-1,1,1,3,1, main.py 20170606T131220449002 101 3600 2 3 -1 1 1 3 1, 2026-05-12 17:23:42,8008.249478,-1.0,0.740398,0,79,21,19.044838,2094.083994,101,5,2, mFSTSP Heuristic,4,-1,1,1,1,1, main.py 20170606T131220449002 101 5 2 4 -1 1 1 1 1, 2019-06-30 04:36:35,13223.23182,-1.0,205.840618,0,59,41,5309.999997,15957.49607,-205.10022,205.10022,99.6403051996278,-5214.982342000001,5214.982342000001,39.43803158704663,-5290.955159,5290.955159,99.6413401504565,-13863.412075999999,13863.412075999999,86.8771141486485,20,-20,33.89830508474576,-20,20,48.78048780487805,our,our,our,our,our,our,6,0,0
20170606T182511986726,100,101,3600.0,2, mFSTSP No-Gurobi Heuristic,3,-1,1,1,3,1, main.py 20170606T182511986726 101 3600 2 3 -1 1 1 3 1, 2026-05-12 17:23:42,8867.683819,-1.0,0.722164,0,85,15,142.178364,2442.830456,102,5,2, mFSTSP Heuristic,4,-1,1,1,1,1, main.py 20170606T182511986726 102 5 2 4 -1 1 1 1 1, 2019-06-30 07:50:09,16481.42251,-1.0,668.093958,0,73,27,6656.085054,30342.22437,-667.371794,667.371794,99.89190682068704,-7613.7386910000005,7613.7386910000005,46.19588319139572,-6513.90669,6513.90669,97.86393408668121,-27899.393914,27899.393914,91.94907259859538,12,-12,16.43835616438356,-12,12,44.44444444444444,our,our,our,our,our,our,6,0,0
20170606T183304945538,100,101,3600.0,2, mFSTSP No-Gurobi Heuristic,3,-1,1,1,3,1, main.py 20170606T183304945538 101 3600 2 3 -1 1 1 3 1, 2026-05-12 17:23:43,7864.240332,-1.0,0.723871,0,75,25,190.703215,1245.554199,104,5,2, mFSTSP Heuristic,4,-1,1,1,1,1, main.py 20170606T183304945538 104 5 2 4 -1 1 1 1 1, 2019-06-30 11:12:03,12876.14901,-1.0,1608.431713,0,57,43,5134.608321,15563.15484,-1607.707842,1607.707842,99.95499522956746,-5011.908677999999,5011.908677999999,38.923972331382636,-4943.905106,4943.905106,96.28592478573206,-14317.600640999999,14317.600640999999,91.99677564218078,18,-18,31.57894736842105,-18,18,41.86046511627907,our,our,our,our,our,our,6,0,0
20170606T183517897245,100,101,3600.0,2, mFSTSP No-Gurobi Heuristic,3,-1,1,1,3,1, main.py 20170606T183517897245 101 3600 2 3 -1 1 1 3 1, 2026-05-12 17:23:44,7021.667629,-1.0,0.719791,0,85,15,162.019202,1431.987312,102,5,2, mFSTSP Heuristic,4,-1,1,1,1,1, main.py 20170606T183517897245 102 5 2 4 -1 1 1 1 1, 2019-06-30 12:59:09,12577.77243,-1.0,740.108125,0,55,45,4829.999999,13337.96603,-739.388334,739.388334,99.90274515632429,-5556.104801000001,5556.104801000001,44.1739968815766,-4667.980796999999,4667.980796999999,96.64556517528892,-11905.978718,11905.978718,89.26382546799753,30,-30,54.54545454545454,-30,30,66.66666666666666,our,our,our,our,our,our,6,0,0
20170607T111421374488,100,101,3600.0,2, mFSTSP No-Gurobi Heuristic,3,-1,1,1,3,1, main.py 20170607T111421374488 101 3600 2 3 -1 1 1 3 1, 2026-05-12 17:23:45,11901.909951,-1.0,0.736676,0,77,23,324.364696,2401.230572,102,5,2, mFSTSP Heuristic,4,-1,1,1,1,1, main.py 20170607T111421374488 102 5 2 4 -1 1 1 1 1, 2019-06-30 15:39:12,16096.61277,-1.0,428.922516,0,68,32,5999.99999,23317.42268,-428.18584,428.18584,99.82824963192188,-4194.702819,4194.702819,26.059537363151712,-5675.635294000001,5675.635294000001,94.59392172432321,-20916.192108,20916.192108,89.7019897741117,9,-9,13.23529411764706,-9,9,28.125,our,our,our,our,our,our,6,0,0
20170607T111828707735,100,101,3600.0,2, mFSTSP No-Gurobi Heuristic,3,-1,1,1,3,1, main.py 20170607T111828707735 101 3600 2 3 -1 1 1 3 1, 2026-05-12 17:23:46,8323.286782,-1.0,0.799454,0,80,20,458.001653,1800.90209,102,5,2, mFSTSP Heuristic,4,-1,1,1,1,1, main.py 20170607T111828707735 102 5 2 4 -1 1 1 1 1, 2019-06-30 18:12:34,12785.79626,-1.0,738.331138,0,61,39,5370.0,12480.64195,-737.531684,737.531684,99.89172148391769,-4462.509478,4462.509478,34.9020849953697,-4911.998347,4911.998347,91.47110515828678,-10679.73986,10679.73986,85.5704370238744,19,-19,31.147540983606557,-19,19,48.717948717948715,our,our,our,our,our,our,6,0,0
20170607T112250854254,100,101,3600.0,2, mFSTSP No-Gurobi Heuristic,3,-1,1,1,3,1, main.py 20170607T112250854254 101 3600 2 3 -1 1 1 3 1, 2026-05-12 17:23:46,9367.021175,-1.0,0.720801,0,82,18,122.21073,2707.493451,102,5,2, mFSTSP Heuristic,4,-1,1,1,1,1, main.py 20170607T112250854254 102 5 2 4 -1 1 1 1 1, 2019-06-30 20:58:37,15400.04352,-1.0,1233.57721,0,59,41,5189.999998,22701.6954,-1232.856409,1232.856409,99.94156822984758,-6033.022344999999,6033.022344999999,39.1753590641801,-5067.789268,5067.789268,97.64526531701166,-19994.201949000002,19994.201949000002,88.0736068240965,23,-23,38.983050847457626,-23,23,56.09756097560976,our,our,our,our,our,our,6,0,0
