problemName,numCustomers,totalTime_our,ofv_our,waitingTruck_our,waitingUAV_our,numUAVcust_our,numTruckCust_our,totalTime_their,ofv_their,waitingTruck_their,waitingUAV_their,numUAVcust_their,numTruckCust_their,matchType,totalTime_diff_our_minus_their,totalTime_diff_their_minus_our,totalTime_our_improvement_percent,ofv_diff_our_minus_their,ofv_diff_their_minus_our,ofv_our_improvement_percent,waitingTruck_diff_our_minus_their,waitingTruck_diff_their_minus_our,waitingTruck_our_improvement_percent,waitingUAV_diff_our_minus_their,waitingUAV_diff_their_minus_our,waitingUAV_our_improvement_percent,numUAVcust_diff_our_minus_their,numUAVcust_diff_their_minus_our,numTruckCust_diff_our_minus_their,numTruckCust_diff_their_minus_our,totalTime_winner,ofv_winner,waitingTruck_winner,waitingUAV_winner,numUAVcust_winner,numTruckCust_winner
20170608T121355407419,8,0.00319,2848.656465,85.846763,875.32819,5,3,0.212975,2612.223287,420.0,1442.774689,5,3,problemName_numCustomers,-0.209785,0.209785,98.5021716163869,236.43317800000023,-236.43317800000023,-9.051032474009189,-334.153237,334.153237,79.56029452380952,-567.4464990000001,567.4464990000001,39.330222752473034,0,0,0,0,our,their,our,our,tie,tie
20170608T121411132375,8,0.003135,3153.91395,257.389754,206.125929,5,3,0.122831,2731.283756,420.0,1035.967769,5,3,problemName_numCustomers,-0.119696,0.119696,97.44771271096059,422.6301940000003,-422.6301940000003,-15.473683137886326,-162.61024600000002,162.61024600000002,38.716725238095236,-829.84184,829.84184,80.10305579304176,0,0,0,0,our,their,our,our,tie,tie
20170608T121426910678,8,0.003072,2948.287173,73.831798,1207.909551,6,2,0.053536,2724.455375,480.0,2562.427159,6,2,problemName_numCustomers,-0.050464,0.050464,94.26180514046622,223.83179800000016,-223.83179800000016,-8.215652935772537,-406.168202,406.168202,84.61837541666667,-1354.5176079999999,1354.5176079999999,52.860726332943145,0,0,0,0,our,their,our,our,tie,tie
20170608T121442695307,8,0.002919,2295.069054,158.485393,382.176722,5,3,0.110303,1909.751767,540.0,3064.090947,7,1,problemName_numCustomers,-0.107384,0.107384,97.35365311913546,385.3172870000001,-385.3172870000001,-20.176302159169573,-381.514607,381.514607,70.65085314814816,-2681.914225,2681.914225,87.52723960840056,-2,2,2,-2,our,their,our,our,their,their
20170608T121458174165,8,0.003625,4676.09177,559.510046,377.360921,4,4,0.150319,3518.420081,1325.789086,5186.016371,5,3,problemName_numCustomers,-0.14669400000000002,0.14669400000000002,97.58846187108749,1157.6716889999998,-1157.6716889999998,-32.90316853441128,-766.27904,766.27904,57.79795957680708,-4808.655449999999,4808.655449999999,92.72349152019288,-1,1,1,-1,our,their,our,our,their,their
20170608T121529379067,8,0.003388,4079.237905,184.670303,0.0,1,7,0.075841,3602.899092,240.0,1550.224463,3,5,problemName_numCustomers,-0.072453,0.072453,95.53275932543085,476.33881299999985,-476.33881299999985,-13.220986789712727,-55.32969700000001,55.32969700000001,23.05404041666667,-1550.224463,1550.224463,100.0,-2,2,2,-2,our,their,our,our,their,their
20170608T121545140439,8,0.003232,4197.586291,190.17476,127.070505,2,6,0.181297,3707.41601,420.0,2567.222504,6,2,problemName_numCustomers,-0.178065,0.178065,98.21728986138766,490.1702809999997,-490.1702809999997,-13.221345532248478,-229.82524,229.82524,54.72029523809524,-2440.1519989999997,2440.1519989999997,95.0502730167716,-4,4,4,-4,our,their,our,our,their,their
20170608T121601152699,8,0.018051,3835.539426,270.0,448.499147,3,5,0.04197,3225.33907,480.0,3044.096588,6,2,problemName_numCustomers,-0.023919,0.023919,56.990707648320225,610.2003559999998,-610.2003559999998,-18.918952170817807,-210.0,210.0,43.75,-2595.597441,2595.597441,85.2665927629232,-3,3,3,-3,our,their,our,our,their,their
20170608T121616676866,8,0.003616,3493.960216,0.0,806.204644,5,3,0.078765,3201.725593,450.0,2247.884716,6,2,problemName_numCustomers,-0.07514900000000001,0.07514900000000001,95.4091284199835,292.23462299999983,-292.23462299999983,-9.127410032855986,-450.0,450.0,100.0,-1441.680072,1441.680072,64.13496482886359,-1,1,1,-1,our,their,our,our,their,their
20170608T121944818056,8,0.031834,1103.007537,161.766962,9.197644,2,6,0.068925,993.152066,270.0,341.674231,4,4,problemName_numCustomers,-0.037091,0.037091,53.81356546971345,109.85547099999997,-109.85547099999997,-11.061294112033792,-108.233038,108.233038,40.08631037037037,-332.476587,332.476587,97.30806623224682,-2,2,2,-2,our,their,our,our,their,their
20170608T121949065533,8,0.002877,1012.037552,81.131873,108.845532,6,2,0.155971,827.760374,510.0,1483.817254,7,1,problemName_numCustomers,-0.153094,0.153094,98.15542632925353,184.27717800000005,-184.27717800000005,-22.26214056484903,-428.868127,428.868127,84.09178960784314,-1374.971722,1374.971722,92.6644920925013,-1,1,1,-1,our,their,our,our,their,their
20170608T121956644648,8,0.003098,1241.73203,100.478092,174.280909,5,3,0.097053,1111.253938,390.0,422.82469,5,3,problemName_numCustomers,-0.093955,0.093955,96.80792968790249,130.47809199999983,-130.47809199999983,-11.741518975836449,-289.521908,289.521908,74.23638666666666,-248.54378099999997,248.54378099999997,58.78175680800475,0,0,0,0,our,their,our,our,tie,tie
20170608T122000657532,8,0.041154,1171.684698,240.0,105.425434,3,5,0.065715,1164.696902,270.0,843.593463,3,5,problemName_numCustomers,-0.024560999999999993,0.024560999999999993,37.37502853229856,6.987796000000117,-6.987796000000117,-0.5999669088155708,-30.0,30.0,11.11111111111111,-738.168029,738.168029,87.5028152037731,0,0,0,0,our,their,our,our,tie,tie
20170608T122004631179,8,0.002948,1215.167846,0.0,193.27321,4,4,0.149546,1148.451832,360.0,564.856862,5,3,problemName_numCustomers,-0.146598,0.146598,98.02870019926978,66.71601400000009,-66.71601400000009,-5.809213076339112,-360.0,360.0,100.0,-371.583652,371.583652,65.78368379633848,-1,1,1,-1,our,their,our,our,their,their
20170608T122008595748,8,0.017399,1431.804374,-0.0,0.0,0,8,0.030248,1431.804374,0.0,0.0,0,8,problemName_numCustomers,-0.012849,0.012849,42.478841576302564,0.0,0.0,0.0,-0.0,0.0,,0.0,0.0,,0,0,0,0,our,tie,tie,tie,tie,tie
20170608T122012790213,8,0.041765,1198.046574,180.0,144.53434,2,6,0.131394,1196.111185,360.0,856.341982,4,4,problemName_numCustomers,-0.08962900000000001,0.08962900000000001,68.2139214880436,1.9353889999999865,-1.9353889999999865,-0.16180678052935243,-180.0,180.0,50.0,-711.807642,711.807642,83.12189019830164,-2,2,2,-2,our,their,our,our,their,their
20170608T122016762729,8,0.017117,1389.862327,150.0,135.108356,2,6,0.029819,1389.862327,150.0,165.108356,2,6,problemName_numCustomers,-0.012701999999999998,0.012701999999999998,42.597001911532914,0.0,0.0,0.0,0.0,0.0,0.0,-30.0,30.0,18.169885962646255,0,0,0,0,our,tie,tie,our,tie,tie
20170608T122020812277,8,0.002819,1387.068185,29.30416,103.497138,4,4,0.027996,1393.89999,240.0,238.343448,3,5,problemName_numCustomers,-0.025177,0.025177,89.9307043863409,-6.831804999999804,6.831804999999804,0.4901216047788195,-210.69584,210.69584,87.78993333333334,-134.84631,134.84631,56.57647027074979,1,-1,-1,1,our,our,our,our,our,our
20170608T131251001523,8,0.003576,5296.706142,0.0,1047.828965,2,6,0.106403,3411.795119,1014.582965,1203.26562,6,2,problemName_numCustomers,-0.102827,0.102827,96.63919250397076,1884.9110230000001,-1884.9110230000001,-55.24689957210763,-1014.582965,1014.582965,100.0,-155.43665499999997,155.43665499999997,12.917900454930308,-4,4,4,-4,our,their,our,our,their,their
20170608T131306913055,8,0.042171,1131.420444,240.0,118.474799,3,5,0.061477,1098.861271,480.0,579.307962,6,2,problemName_numCustomers,-0.019305999999999997,0.019305999999999997,31.403614359841885,32.5591730000001,-32.5591730000001,-2.962992131879412,-240.0,240.0,50.0,-460.83316299999996,460.83316299999996,79.54890891004187,-3,3,3,-3,our,their,our,our,their,their
20170608T121632668184,10,0.008117,3024.179385,688.112732,506.522963,7,3,0.5462,2625.130837,570.0,2027.216503,7,3,problemName_numCustomers,-0.538083,0.538083,98.51391431709996,399.04854799999976,-399.04854799999976,-15.201091784668245,118.11273200000005,-118.11273200000005,-20.72153192982457,-1520.6935400000002,1520.6935400000002,75.01386939922718,0,0,0,0,our,their,their,our,tie,tie
20170608T121651164057,10,0.005344,3423.145686,0.0,2711.898784,8,2,0.074547,3213.145686,630.0,4204.80015,8,2,problemName_numCustomers,-0.069203,0.069203,92.8313681301729,210.0,-210.0,-6.535651368532439,-630.0,630.0,100.0,-1492.901366,1492.901366,35.50469255952628,0,0,0,0,our,their,our,our,tie,tie
20170608T121710107640,10,0.005349,4469.13865,0.0,3048.551248,7,3,0.062926,4187.726388,360.0,1022.786555,4,6,problemName_numCustomers,-0.057576999999999996,0.057576999999999996,91.49953914121349,281.4122619999998,-281.4122619999998,-6.719929525634516,-360.0,360.0,100.0,2025.764693,-2025.764693,-198.06328926566695,3,-3,-3,3,our,their,our,their,our,our
20170608T121728978505,10,0.004671,4117.865924,83.534472,254.385586,4,6,0.06919,3925.094957,420.0,1824.902491,5,5,problemName_numCustomers,-0.064519,0.064519,93.24902442549502,192.77096699999993,-192.77096699999993,-4.911243399505862,-336.465528,336.465528,80.11084000000001,-1570.516905,1570.516905,86.06031898939415,-1,1,1,-1,our,their,our,our,their,their
20170608T121747991951,10,0.006925,4508.90921,182.457553,1841.713521,7,3,0.167546,4017.585726,330.0,922.341381,5,5,problemName_numCustomers,-0.160621,0.160621,95.86680672770463,491.323484,-491.323484,-12.229321724745693,-147.542447,147.542447,44.70983242424243,919.37214,-919.37214,-99.67807570372905,2,-2,-2,2,our,their,our,their,our,our
20170608T121807019623,10,0.034615,4249.11476,300.790388,255.259261,3,7,0.242465,3434.803707,671.648023,3428.784644,7,3,problemName_numCustomers,-0.20785,0.20785,85.72371270080218,814.3110530000004,-814.3110530000004,-23.707644525376086,-370.85763499999996,370.85763499999996,55.21606887838632,-3173.5253829999997,3173.5253829999997,92.5554011843037,-4,4,4,-4,our,their,our,our,their,their
20170608T121825920767,10,0.006117,4694.547925,0.0,290.857633,1,9,0.099646,3846.60202,360.0,1652.420946,4,6,problemName_numCustomers,-0.093529,0.093529,93.86126889187724,847.945905,-847.945905,-22.044024845596063,-360.0,360.0,100.0,-1361.5633129999999,1361.5633129999999,82.39809089178661,-3,3,3,-3,our,their,our,our,their,their
20170608T121844810174,10,0.006851,3102.550966,324.180097,0.0,3,7,0.105003,2923.90632,415.535451,739.635297,3,7,problemName_numCustomers,-0.098152,0.098152,93.47542451168063,178.64464599999974,-178.64464599999974,-6.109793763843971,-91.35535400000003,91.35535400000003,21.984972348364092,-739.635297,739.635297,100.0,0,0,0,0,our,their,our,our,tie,tie
20170608T121903600571,10,0.005105,4541.54954,47.156157,568.323538,5,5,0.15606,4020.36396,480.0,1614.445957,6,4,problemName_numCustomers,-0.150955,0.150955,96.72882224785339,521.1855799999998,-521.1855799999998,-12.963641729591066,-432.843843,432.843843,90.17580062500001,-1046.1224189999998,1046.1224189999998,64.79761149415792,-1,1,1,-1,our,their,our,our,their,their
20170608T121925358737,10,0.024616,4453.36855,240.0,621.696002,3,7,0.121404,3524.610692,450.0,2830.547521,6,4,problemName_numCustomers,-0.096788,0.096788,79.72389707093672,928.7578579999999,-928.7578579999999,-26.35065087069196,-210.0,210.0,46.666666666666664,-2208.851519,2208.851519,78.03619273700228,-3,3,3,-3,our,their,our,our,their,their
20170608T122024823843,10,0.061079,1236.292526,240.0,192.644886,3,7,0.072824,1158.027168,180.0,461.448809,3,7,problemName_numCustomers,-0.011744999999999998,0.011744999999999998,16.127924859936282,78.26535799999988,-78.26535799999988,-6.758507931655008,60.0,-60.0,-33.33333333333333,-268.80392299999994,268.80392299999994,58.25216530139532,0,0,0,0,our,their,their,our,tie,tie
20170608T122029847985,10,0.075473,1390.440297,180.0,57.769729,2,8,0.334393,1217.145038,630.0,1060.024864,7,3,problemName_numCustomers,-0.25892,0.25892,77.42985050524382,173.295259,-173.295259,-14.237847880870213,-450.0,450.0,71.42857142857143,-1002.255135,1002.255135,94.55015340093004,-5,5,5,-5,our,their,our,our,their,their
20170608T122034665363,10,0.05825,1510.356949,180.0,248.453666,2,8,0.058085,1498.145559,330.0,316.976911,4,6,problemName_numCustomers,0.00016500000000000542,-0.00016500000000000542,-0.2840664543341748,12.211389999999938,-12.211389999999938,-0.8151003703639412,-150.0,150.0,45.45454545454545,-68.52324499999997,68.52324499999997,21.6177401640462,-2,2,2,-2,their,their,our,our,their,their
20170608T122043762852,10,0.036567,1174.878166,240.0,128.965557,3,7,0.056762,1174.878166,240.0,68.965557,3,7,problemName_numCustomers,-0.020194999999999998,0.020194999999999998,35.57837990204714,0.0,0.0,0.0,0.0,0.0,0.0,59.999999999999986,-59.999999999999986,-86.99994984452889,0,0,0,0,our,tie,tie,their,tie,tie
20170608T122048564577,10,0.084829,1473.452895,270.0,225.234475,3,7,0.058921,1473.452895,270.0,195.234475,3,7,problemName_numCustomers,0.025908,-0.025908,-43.97074048301964,0.0,0.0,0.0,0.0,0.0,0.0,30.0,-30.0,-15.36613858797223,0,0,0,0,their,tie,tie,their,tie,tie
20170608T122053358160,10,0.035277,1649.186533,190.643737,50.027565,2,8,0.070639,1638.542796,180.0,199.94424,2,8,problemName_numCustomers,-0.03536199999999999,0.03536199999999999,50.06016506462435,10.643737000000101,-10.643737000000101,-0.649585535756742,10.643736999999987,-10.643736999999987,-5.9131872222222155,-149.916675,149.916675,74.97924171258946,0,0,0,0,our,their,their,our,tie,tie
20170608T122058404415,10,0.049643,1352.250883,180.0,130.324592,2,8,0.063513,1348.805887,270.0,278.608355,3,7,problemName_numCustomers,-0.01387,0.01387,21.838048903374112,3.4449959999999464,-3.4449959999999464,-0.2554108069369619,-90.0,90.0,33.33333333333333,-148.28376300000002,148.28376300000002,53.22301371758934,-1,1,1,-1,our,their,our,our,their,their
20170608T122103536027,10,0.042951,1504.472408,330.0,373.350477,4,6,0.057622,1504.472408,330.0,218.317607,4,6,problemName_numCustomers,-0.014670999999999997,0.014670999999999997,25.460761514699243,0.0,0.0,0.0,0.0,0.0,0.0,155.03287,-155.03287,-71.01253633656766,0,0,0,0,our,tie,tie,their,tie,tie
20170608T122108589505,10,0.004606,1601.850049,29.038478,94.843438,5,5,0.083438,1512.811571,390.0,545.80496,5,5,problemName_numCustomers,-0.078832,0.078832,94.4797334547808,89.03847799999994,-89.03847799999994,-5.885629096632547,-360.961522,360.961522,92.55423641025641,-450.96152200000006,450.96152200000006,82.62319968656936,0,0,0,0,our,their,our,our,tie,tie
20170608T131310834813,10,0.051487,1206.838446,314.331171,172.380653,3,7,0.079197,1191.401612,298.894337,145.392662,3,7,problemName_numCustomers,-0.027710000000000005,0.027710000000000005,34.98869906688385,15.43683400000009,-15.43683400000009,-1.2956868485418913,15.436833999999976,-15.436833999999976,-5.164645859449648,26.987990999999994,-26.987990999999994,-18.56214105220798,0,0,0,0,our,their,their,their,tie,tie
20170606T113038113409,25,0.074538,7044.409761,422.55077,2032.993512,18,7,0.97189,6230.280726,1679.999999,10523.1537,20,5,problemName_numCustomers,-0.897352,0.897352,92.33061354680056,814.1290349999999,-814.1290349999999,-13.067292964865992,-1257.4492289999998,1257.4492289999998,74.84816843740963,-8490.160188000002,8490.160188000002,80.68075816473156,-2,2,2,-2,our,their,our,our,their,their
20170606T113251786976,25,0.118897,10075.616371,250.867201,1738.781696,14,11,6.172763,7372.357866,1380.0,5510.061492,16,9,problemName_numCustomers,-6.053866,6.053866,98.07384472723155,2703.258505,-2703.258505,-36.66748893819908,-1129.132799,1129.132799,81.82121731884058,-3771.279796,3771.279796,68.44351558463515,-2,2,2,-2,our,their,our,our,their,their
20170606T113339368121,25,0.133381,7959.476353,322.555315,1664.210526,10,15,1.549202,7197.176445,1469.999999,8920.911637,17,8,problemName_numCustomers,-1.415821,1.415821,91.39034160813115,762.299908,-762.299908,-10.5916523490206,-1147.4446839999998,1147.4446839999998,78.05746154969894,-7256.701110999999,7256.701110999999,81.34483790762381,-7,7,7,-7,our,their,our,our,their,their
20170606T113427164164,25,0.130484,7661.503759,141.916798,4150.186921,12,13,3.503933,6828.704024,1593.527981,5328.482024,18,7,problemName_numCustomers,-3.373449,3.373449,96.27607034723552,832.7997350000005,-832.7997350000005,-12.19557520831277,-1451.611183,1451.611183,91.0941759610056,-1178.2951029999995,1178.2951029999995,22.113147753766345,-6,6,6,-6,our,their,our,our,their,their
20170606T113515209066,25,0.125861,8584.297083,114.537674,504.333333,9,16,0.916905,7398.995146,1259.999999,3029.074191,14,11,problemName_numCustomers,-0.791044,0.791044,86.27327803861905,1185.3019369999993,-1185.3019369999993,-16.019769085005954,-1145.462325,1145.462325,90.9097084054839,-2524.740858,2524.740858,83.35024825412076,-5,5,5,-5,our,their,our,our,their,their
20170606T113603010160,25,0.160017,9873.860336,211.9873,391.361802,7,18,0.746509,8145.424849,1360.645378,4376.605572,15,10,problemName_numCustomers,-0.586492,0.586492,78.56462547671897,1728.4354869999997,-1728.4354869999997,-21.21970945704811,-1148.658078,1148.658078,84.42009186026132,-3985.2437700000005,3985.2437700000005,91.05786903659319,-8,8,8,-8,our,their,our,our,their,their
20170606T113651352937,25,0.088363,8436.179693,142.524205,1147.641178,9,16,0.979765,6840.804493,1620.0,8312.870049,18,7,problemName_numCustomers,-0.891402,0.891402,90.98120467663165,1595.3752000000004,-1595.3752000000004,-23.32145585555767,-1477.475795,1477.475795,91.20220956790124,-7165.228870999999,7165.228870999999,86.19440492591298,-9,9,9,-9,our,their,our,our,their,their
20170606T123216270309,25,0.080211,5768.141259,634.302261,2235.726196,16,9,6.564618,4822.051078,1530.0,7124.396773,17,8,problemName_numCustomers,-6.484407,6.484407,98.7781314921904,946.0901809999996,-946.0901809999996,-19.620077964673925,-895.697739,895.697739,58.54233588235294,-4888.670577000001,4888.670577000001,68.61872987657085,-1,1,1,-1,our,their,our,our,their,their
20170606T123231190878,25,0.09461,5100.808554,857.942348,762.347828,15,10,4.926279,3436.609174,1818.932354,4331.271757,20,5,problemName_numCustomers,-4.831669,4.831669,98.07948352092927,1664.19938,-1664.19938,-48.42562234282157,-960.990006,960.990006,52.83264129568613,-3568.9239290000005,3568.9239290000005,82.3989841605314,-5,5,5,-5,our,their,our,our,their,their
20170606T123246328134,25,0.084356,5800.749518,189.599956,354.609174,10,15,1.466979,5086.130706,1139.999999,3877.819002,14,11,problemName_numCustomers,-1.382623,1.382623,94.24967910242749,714.6188119999997,-714.6188119999997,-14.050343046767932,-950.4000429999999,950.4000429999999,83.3684248976916,-3523.209828,3523.209828,90.8554480284637,-4,4,4,-4,our,their,our,our,their,their
20170606T123301396863,25,0.089516,5247.654167,286.796993,1495.055221,15,10,5.788665,4582.432597,1500.0,6377.196068,18,7,problemName_numCustomers,-5.699149,5.699149,98.45359854128716,665.2215699999997,-665.2215699999997,-14.516778063151502,-1213.203007,1213.203007,80.88020046666668,-4882.140847000001,4882.140847000001,76.55622933561655,-3,3,3,-3,our,their,our,our,their,their
20170606T123316638608,25,0.087482,5779.705448,89.775635,981.583088,16,9,6.343327,5166.696238,1499.999999,7030.103098,18,7,problemName_numCustomers,-6.255845000000001,6.255845000000001,98.62088143966092,613.0092099999993,-613.0092099999993,-11.864626480098465,-1410.224364,1410.224364,94.01495766267664,-6048.520009999999,6048.520009999999,86.0374296889152,-2,2,2,-2,our,their,our,our,their,their
20170606T123331779163,25,0.096099,6324.276453,32.741287,1623.351155,16,9,2.388627,5397.581306,1500.0,7397.774638,18,7,problemName_numCustomers,-2.292528,2.292528,95.97681010890356,926.6951470000004,-926.6951470000004,-17.168711214593056,-1467.258713,1467.258713,97.81724753333333,-5774.423483,5774.423483,78.05622319634658,-2,2,2,-2,our,their,our,our,their,their
20170606T123346836976,25,0.744443,6149.539715,828.394731,752.209495,8,17,14.170471,5321.001896,1529.999999,6633.351015,17,8,problemName_numCustomers,-13.426027999999999,13.426027999999999,94.7465190112594,828.5378190000001,-828.5378190000001,-15.571086708742646,-701.6052679999999,701.6052679999999,45.856553494023885,-5881.14152,5881.14152,88.66018859398473,-9,9,9,-9,our,their,our,our,their,their
20170606T123411109972,25,0.097816,5556.915244,43.844627,727.552494,13,12,21.654602,5118.123779,1409.999999,3329.588116,16,9,problemName_numCustomers,-21.556786,21.556786,99.54829001244168,438.79146500000024,-438.79146500000024,-8.573287476953775,-1366.155372,1366.155372,96.89045198361025,-2602.035622,2602.035622,78.14887401526273,-3,3,3,-3,our,their,our,our,their,their
20170606T123426160449,25,0.090015,6038.882245,742.837709,870.701607,15,10,1.714159,4993.968991,1529.999999,8307.586119,17,8,problemName_numCustomers,-1.624144,1.624144,94.74873684413173,1044.913254,-1044.913254,-20.923503047037645,-787.1622899999999,787.1622899999999,51.44851571990099,-7436.884512,7436.884512,89.51919854302024,-2,2,2,-2,our,their,our,our,their,their
20170606T181516057642,25,0.10911,8393.776072,464.716714,1692.09509,16,9,0.834114,6811.917907,1529.999999,5599.32159,18,7,problemName_numCustomers,-0.725004,0.725004,86.91905422999734,1581.8581650000006,-1581.8581650000006,-23.221920560352995,-1065.283285,1065.283285,69.62635854223946,-3907.2264999999998,3907.2264999999998,69.78035530193578,-2,2,2,-2,our,their,our,our,their,their
20170606T181644949435,25,0.125719,8864.47133,56.786579,2327.300797,14,11,1.73606,7463.637583,1440.0,6062.893375,16,9,problemName_numCustomers,-1.610341,1.610341,92.75837240648364,1400.8337470000006,-1400.8337470000006,-18.768780389212537,-1383.213421,1383.213421,96.05648756944444,-3735.592578,3735.592578,61.61402398075325,-2,2,2,-2,our,their,our,our,their,their
20170606T183158840946,25,0.090701,5738.480964,181.968503,2848.359014,17,8,1.273134,5110.563401,1439.999999,4782.701747,16,9,problemName_numCustomers,-1.182433,1.182433,92.8757695576428,627.917563,-627.917563,-12.286660270707792,-1258.0314959999998,1258.0314959999998,87.36329839400229,-1934.342733,1934.342733,40.44456115653327,1,-1,-1,1,our,their,our,our,our,our
20170607T111048231225,25,0.10268,8371.922328,633.070898,825.413678,12,13,1.063911,6861.840483,1349.999999,5000.520149,15,10,problemName_numCustomers,-0.9612310000000001,0.9612310000000001,90.34881677132768,1510.0818450000006,-1510.0818450000006,-22.006950594977866,-716.9291009999998,716.9291009999998,53.10585937267099,-4175.106471,4175.106471,83.49344361375955,-3,3,3,-3,our,their,our,our,their,their
20170606T114000833192,50,2.520946,13037.160587,377.798689,2794.366409,26,24,31.401495,11849.43558,2616.904323,7070.296726,26,24,problemName_numCustomers,-28.880549000000002,28.880549000000002,91.9718917841332,1187.725007000001,-1187.725007000001,-10.023473261500284,-2239.105634,2239.105634,85.56314475544545,-4275.930316999999,4275.930316999999,60.47738139866012,0,0,0,0,our,their,our,our,tie,tie
20170606T114145593946,50,2.577352,12957.707476,292.16234,1244.087578,23,27,39.042208,10371.25154,2699.999999,8789.451871,31,19,problemName_numCustomers,-36.464856000000005,36.464856000000005,93.3985495902281,2586.4559360000003,-2586.4559360000003,-24.93870605707053,-2407.8376590000003,2407.8376590000003,89.17917258858489,-7545.364293,7545.364293,85.84567506302919,-8,8,8,-8,our,their,our,our,their,their
20170606T114330252507,50,2.805046,13049.543602,1071.134852,1987.949158,27,23,26.654853,10101.74895,3029.999999,10279.6606,35,15,problemName_numCustomers,-23.849807,23.849807,89.47641542048646,2947.7946520000005,-2947.7946520000005,-29.18103257753204,-1958.8651470000002,1958.8651470000002,64.64901477381156,-8291.711442,8291.711442,80.66133469426025,-8,8,8,-8,our,their,our,our,their,their
20170606T114511221132,50,2.297588,11879.9971,408.329214,2702.091136,32,18,52.396405,9772.374379,2946.712663,9511.321146,32,18,problemName_numCustomers,-50.098817000000004,50.098817000000004,95.61498923447134,2107.6227209999997,-2107.6227209999997,-21.56715081985706,-2538.383449,2538.383449,86.14289003718854,-6809.23001,6809.23001,71.59079065334295,0,0,0,0,our,their,our,our,tie,tie
20170606T114654882472,50,2.709548,14003.369121,179.276987,1718.039808,21,29,20.206468,11360.72397,3307.009914,13975.81419,35,15,problemName_numCustomers,-17.496920000000003,17.496920000000003,86.59068967421719,2642.6451510000006,-2642.6451510000006,-23.261238966621956,-3127.732927,3127.732927,94.57887966283248,-12257.774382,12257.774382,87.7070503038793,-14,14,14,-14,our,their,our,our,their,their
20170606T114840930461,50,2.361621,13469.611729,522.652239,1753.926765,28,22,63.705436,10986.469,2519.999997,12826.58043,28,22,problemName_numCustomers,-61.343815,61.343815,96.2929050513052,2483.142729000001,-2483.142729000001,-22.601827111149188,-1997.3477579999999,1997.3477579999999,79.2598317610236,-11072.653665,11072.653665,86.32584284976102,0,0,0,0,our,their,our,our,tie,tie
20170606T115303341654,50,3.829752,12684.807584,222.254367,1539.337189,28,22,45.479642,8975.584618,2948.066875,13030.97642,34,16,problemName_numCustomers,-41.64989,41.64989,91.57919492857926,3709.2229659999994,-3709.2229659999994,-41.32569769952782,-2725.812508,2725.812508,92.46101338864642,-11491.639231000001,11491.639231000001,88.18709251413104,-6,6,6,-6,our,their,our,our,their,their
20170606T123441157583,50,1.607525,9838.288489,897.786655,2368.297375,32,18,79.813654,7978.887895,3293.071841,12006.83785,37,13,problemName_numCustomers,-78.206129,78.206129,97.98590226178594,1859.4005940000006,-1859.4005940000006,-23.304007005352226,-2395.285186,2395.285186,72.73710692180433,-9638.540475,9638.540475,80.27542801371304,-5,5,5,-5,our,their,our,our,their,their
20170606T123513473544,50,1.986925,9084.232993,447.244231,1992.767319,31,19,23.972442,7778.794929,2789.999999,7048.062881,32,18,problemName_numCustomers,-21.985517,21.985517,91.71162871100074,1305.438064,-1305.438064,-16.782008986163362,-2342.755768,2342.755768,83.96974081862714,-5055.295561999999,5055.295561999999,71.72602809245565,-1,1,1,-1,our,their,our,our,their,their
20170606T123545699742,50,2.252694,9335.850649,644.731379,3642.322256,34,16,35.400757,8118.3273,2759.999999,8834.429367,31,19,problemName_numCustomers,-33.148063,33.148063,93.63659370334935,1217.523349,-1217.523349,-14.99721930403077,-2115.2686200000003,2115.2686200000003,76.64016741907254,-5192.107111000001,5192.107111000001,58.77127876979268,3,-3,-3,3,our,their,our,our,our,our
20170606T123621314894,50,2.991233,9196.469053,790.640632,1693.779744,34,16,141.869589,6806.657021,3029.999999,9480.321429,35,15,problemName_numCustomers,-138.878356,138.878356,97.89156152415441,2389.8120320000007,-2389.8120320000007,-35.10992289793531,-2239.359367,2239.359367,73.9062497603651,-7786.541685,7786.541685,82.13373083723953,-1,1,1,-1,our,their,our,our,their,their
20170606T123654604464,50,1.802821,9373.440479,540.888428,916.462329,21,29,111.831157,7261.834535,2879.999999,8465.255138,32,18,problemName_numCustomers,-110.02833600000001,110.02833600000001,98.38790812116878,2111.605944000001,-2111.605944000001,-29.07813354631883,-2339.1115710000004,2339.1115710000004,81.21915179903444,-7548.7928090000005,7548.7928090000005,89.17383688902585,-11,11,11,-11,our,their,our,our,their,their
20170606T123727622253,50,2.646048,9457.227605,508.122323,1321.843375,24,26,31.964101,7648.4578,3059.999999,10453.3292,34,16,problemName_numCustomers,-29.318053,29.318053,91.721813167841,1808.769805,-1808.769805,-23.64881721645898,-2551.877676,2551.877676,83.39469532137082,-9131.485825,9131.485825,87.35480965241197,-10,10,10,-10,our,their,our,our,their,their
20170606T123800566693,50,1.894108,8967.86263,409.295859,2099.867856,32,18,40.460224,7321.157174,3209.999999,10353.1095,37,13,problemName_numCustomers,-38.566115999999994,38.566115999999994,95.31859240324522,1646.7054559999997,-1646.7054559999997,-22.49242048576732,-2800.7041400000003,2800.7041400000003,87.24935018294373,-8253.241644000002,8253.241644000002,79.71751524505754,-5,5,5,-5,our,their,our,our,their,their
20170606T123921635977,50,2.506239,9591.245863,249.917345,1438.684102,16,34,106.358608,7441.067567,2679.135593,7364.306219,31,19,problemName_numCustomers,-103.85236900000001,103.85236900000001,97.6435955235518,2150.178296,-2150.178296,-28.89609960720842,-2429.218248,2429.218248,90.67171718919417,-5925.622117,5925.622117,80.46409180693523,-15,15,15,-15,our,their,our,our,their,their
20170606T181732755419,50,1.616977,11360.793263,132.562086,1884.334651,27,23,39.374593,9894.066173,3261.988648,14294.45901,35,15,problemName_numCustomers,-37.757616,37.757616,95.89334929760417,1466.7270900000003,-1466.7270900000003,-14.82431049433007,-3129.426562,3129.426562,95.93615734741209,-12410.124359000001,12410.124359000001,86.81772671717222,-8,8,8,-8,our,their,our,our,their,their
20170606T181907372750,50,2.420122,13195.961206,102.607707,1719.958773,26,24,28.99708,10894.15977,3239.999997,13698.42053,36,14,problemName_numCustomers,-26.576958,26.576958,91.65391135935067,2301.8014359999997,-2301.8014359999997,-21.12876517873943,-3137.39229,3137.39229,96.83309546003063,-11978.461757,11978.461757,87.44410883551697,-10,10,10,-10,our,their,our,our,their,their
20170606T182048138619,50,3.722729,11480.897271,350.342042,2193.626605,28,22,26.823763,10448.28976,2579.999996,10216.37927,29,21,problemName_numCustomers,-23.101034,23.101034,86.12152590223825,1032.6075110000002,-1032.6075110000002,-9.883029038428967,-2229.6579540000002,2229.6579540000002,86.42085106421838,-8022.752665,8022.752665,78.52833624294374,-1,1,1,-1,our,their,our,our,their,their
20170606T183214059726,50,2.1506,9265.970656,350.457814,2312.921765,33,17,28.85958,8072.456836,2069.999999,3976.990625,23,27,problemName_numCustomers,-26.70898,26.70898,92.54805509990096,1193.5138199999992,-1193.5138199999992,-14.785013339153382,-1719.5421850000002,1719.5421850000002,83.06967081307715,-1664.0688599999999,1664.0688599999999,41.842413445467955,10,-10,-10,10,our,their,our,our,our,our
20170607T112639731371,50,2.095186,9072.4637,679.559539,1683.964004,31,19,51.752595,7379.949445,2849.999999,6328.409177,32,18,problemName_numCustomers,-49.657409,49.657409,95.95153441097978,1692.514255,-1692.514255,-22.933954597029086,-2170.4404600000003,2170.4404600000003,76.15580564075643,-4644.445173,4644.445173,73.39040575757637,-1,1,1,-1,our,their,our,our,their,their
20170606T115437348436,100,55.357065,18206.297463,755.915994,4244.66003,61,39,399.343386,15761.16666,5039.999998,17005.62948,56,44,problemName_numCustomers,-343.98632100000003,343.98632100000003,86.13797875695882,2445.130802999998,-2445.130802999998,-15.513640936273166,-4284.084004,4284.084004,85.00166677976256,-12760.96945,12760.96945,75.03967709638702,5,-5,-5,5,our,their,our,our,our,our
20170606T115823934453,100,66.768462,20195.908686,994.154048,5615.887564,67,33,210.864689,17240.30523,5309.999972,15998.01802,59,41,problemName_numCustomers,-144.096227,144.096227,68.33587343777602,2955.603455999997,-2955.603455999997,-17.143568031828845,-4315.845923999999,4315.845923999999,81.27770144553213,-10382.130455999999,10382.130455999999,64.89635430476906,8,-8,-8,8,our,their,our,our,our,our
20170606T120227545709,100,71.169983,19756.127549,2870.415277,2357.624028,51,49,904.444631,14322.24875,6119.094516,21692.57561,68,32,problemName_numCustomers,-833.274648,833.274648,92.1310845837726,5433.878799,-5433.878799,-37.94012304806534,-3248.679239,3248.679239,53.09084915268859,-19334.951582,19334.951582,89.13165467122694,-17,17,17,-17,our,their,our,our,their,their
20170606T121241353494,100,53.448387,19911.9375,495.631681,2990.14575,43,57,510.452166,15049.37102,6542.08596,25913.07793,74,26,problemName_numCustomers,-457.003779,457.003779,89.52920752225782,4862.5664799999995,-4862.5664799999995,-32.310762180943286,-6046.4542790000005,6046.4542790000005,92.4239503419793,-22922.93218,22922.93218,88.46086227935795,-31,31,31,-31,our,their,our,our,their,their
20170606T121632081849,100,54.307374,18882.769837,399.967668,4663.701369,64,36,479.270642,16550.28252,5255.653848,15975.24316,58,42,problemName_numCustomers,-424.963268,424.963268,88.66874595669476,2332.487316999999,-2332.487316999999,-14.093338371603817,-4855.68618,4855.68618,92.38976387015661,-11311.541791,11311.541791,70.80669557082348,6,-6,-6,6,our,their,our,our,our,our
20170606T122019874088,100,61.245818,20298.978012,1233.702543,5420.4245,56,44,913.123964,15517.72769,5826.040751,17581.98659,64,36,problemName_numCustomers,-851.878146,851.878146,93.29271594935385,4781.250322,-4781.250322,-30.811536440874356,-4592.338207999999,4592.338207999999,78.82434065041095,-12161.56209,12161.56209,69.17057994411768,-8,8,8,-8,our,their,our,our,their,their
20170606T122653532986,100,56.125358,20601.741493,834.688421,4542.577975,57,43,409.080555,16566.52759,5999.999995,25329.28983,67,33,problemName_numCustomers,-352.955197,352.955197,86.28012079430175,4035.213903,-4035.213903,-24.357632467504914,-5165.311574,5165.311574,86.08852630507377,-20786.711855,20786.711855,82.06590865560007,-10,10,10,-10,our,their,our,our,their,their
20170606T123954019627,100,47.20061,14986.329059,980.777474,1972.705819,40,60,1595.928739,12310.65855,5966.681327,17292.80538,67,33,problemName_numCustomers,-1548.7281289999999,1548.7281289999999,97.04243624125876,2675.6705089999996,-2675.6705089999996,-21.734584694496295,-4985.903853,4985.903853,83.56242909166514,-15320.099561,15320.099561,88.59233203837745,-27,27,27,-27,our,their,our,our,their,their
20170606T124325384128,100,59.611074,15294.316435,459.344248,2509.717933,40,60,555.645937,13170.52687,4559.999995,12442.57145,51,49,problemName_numCustomers,-496.034863,496.034863,89.27175202218747,2123.789565000001,-2123.789565000001,-16.125319707881975,-4100.655747,4100.655747,89.92666121702484,-9932.853517,9932.853517,79.8295879345744,-11,11,11,-11,our,their,our,our,their,their
20170606T124502755142,100,45.650517,15698.697154,1261.161481,4226.125431,63,37,272.002211,12836.72701,5010.127465,14741.20456,55,45,problemName_numCustomers,-226.35169399999998,226.35169399999998,83.216858115907,2861.970143999999,-2861.970143999999,-22.295170270198017,-3748.9659839999995,3748.9659839999995,74.82775658283576,-10515.079129,10515.079129,71.33120693225085,8,-8,-8,8,our,their,our,our,our,our
20170606T124638691350,100,60.584526,15725.524135,416.174899,3819.812373,53,47,247.616038,13545.92073,5129.999989,14769.50045,58,42,problemName_numCustomers,-187.03151200000002,187.03151200000002,75.53287481322192,2179.603405,-2179.603405,-16.09047807413236,-4713.82509,4713.82509,91.88742885200034,-10949.688076999999,10949.688076999999,74.13715930385445,-5,5,5,-5,our,their,our,our,their,their
20170606T124852600104,100,46.779504,16627.306981,1375.233844,1191.062137,30,70,1081.927819,12152.21788,5090.412755,14079.29137,57,43,problemName_numCustomers,-1035.148315,1035.148315,95.67628235650348,4475.089101000001,-4475.089101000001,-36.82528691626784,-3715.178911,3715.178911,72.98384413623056,-12888.229233000002,12888.229233000002,91.54032610236406,-27,27,27,-27,our,their,our,our,their,their
20170606T125025587321,100,37.951907,16183.480852,1070.977869,4364.914963,63,37,1088.302013,12493.74868,4529.999995,12752.0565,51,49,problemName_numCustomers,-1050.350106,1050.350106,96.51274126605884,3689.732172,-3689.732172,-29.53262680804941,-3459.022126,3459.022126,76.35810441099127,-8387.141537,8387.141537,65.77089379269924,12,-12,-12,12,our,their,our,our,our,our
20170606T131220449002,100,52.35141,16539.238572,1528.111623,2891.942656,53,47,205.840618,13223.23182,5309.999997,15957.49607,59,41,problemName_numCustomers,-153.48920800000002,153.48920800000002,74.5670167002705,3316.0067519999975,-3316.0067519999975,-25.077127869637522,-3781.888374,3781.888374,71.22200331707458,-13065.553413999998,13065.553413999998,81.87721530173624,-6,6,6,-6,our,their,our,our,their,their
20170606T182511986726,100,48.948412,19564.982922,1023.179458,4176.738049,58,42,668.093958,16481.42251,6656.085054,30342.22437,73,27,problemName_numCustomers,-619.1455460000001,619.1455460000001,92.67342393777494,3083.560411999999,-3083.560411999999,-18.709309891965137,-5632.9055960000005,5632.9055960000005,84.6279089029201,-26165.486321,26165.486321,86.23456870508932,-15,15,15,-15,our,their,our,our,their,their
20170606T183304945538,100,44.151952,15951.089001,492.60281,3198.286804,46,54,1608.431713,12876.14901,5134.608321,15563.15484,57,43,problemName_numCustomers,-1564.279761,1564.279761,97.25496882191852,3074.939991000001,-3074.939991000001,-23.880897841520095,-4642.005510999999,4642.005510999999,90.40622421022248,-12364.868036,12364.868036,79.44962421256744,-11,11,11,-11,our,their,our,our,their,their
20170606T183517897245,100,52.380495,16287.391408,245.190801,3020.057808,40,60,740.108125,12577.77243,4829.999999,13337.96603,55,45,problemName_numCustomers,-687.72763,687.72763,92.92258884470428,3709.6189779999986,-3709.6189779999986,-29.493449644167224,-4584.809198,4584.809198,94.9235858995701,-10317.908222,10317.908222,77.35743365062386,-15,15,15,-15,our,their,our,our,their,their
20170607T111421374488,100,63.395736,19745.786305,967.651596,4609.53747,64,36,428.922516,16096.61277,5999.99999,23317.42268,68,32,problemName_numCustomers,-365.52678,365.52678,85.21976962384507,3649.1735350000017,-3649.1735350000017,-22.670443696087013,-5032.348394000001,5032.348394000001,83.8724733731208,-18707.88521,18707.88521,80.2313594720152,-4,4,4,-4,our,their,our,our,their,their
20170607T111828707735,100,46.323311,16272.622825,486.116211,2300.729454,36,64,738.331138,12785.79626,5370.0,12480.64195,61,39,problemName_numCustomers,-692.007827,692.007827,93.72594373772706,3486.826565000001,-3486.826565000001,-27.271094377660614,-4883.8837889999995,4883.8837889999995,90.94755659217876,-10179.912495999999,10179.912495999999,81.565616069933,-25,25,25,-25,our,their,our,our,their,their
20170607T112250854254,100,37.705208,19587.05078,1411.092334,7482.582609,65,35,1233.57721,15400.04352,5189.999998,22701.6954,59,41,problemName_numCustomers,-1195.8720019999998,1195.8720019999998,96.94342537343081,4187.007260000002,-4187.007260000002,-27.18828199779011,-3778.9076640000003,3778.9076640000003,72.81132303383866,-15219.112791,15219.112791,67.03954274269753,6,-6,-6,6,our,their,our,our,our,our
